Explain,Explain,Explain,Explain,Explain,Objective,Objective,Objective,Objective,Objective,Objective,Objective,Category,Category,Category,Category,Name
MinTemp,MaxTemp,SumRain,SumSunTime,MaxWind,Revenue,Guest1,Guest2,Ratio,PerGuest,AveUnit,AveNum,Holiday,BadWeather,Month,ShopName,Date
9.185214029,25.89770555,-0.823305377,9.736689459,6.138946699,3487007.119,434.208724,6568.244032,6.556465712,7648.2024,4504.86668,1.714687661,1,0,5,“X•ÜA,2016/5/1
12.90159869,21.79348115,1.580033733,1.506647366,6.148128359,1640628.206,245.2422353,3353.183713,6.666086655,7354.486826,4162.42621,1.69120996,0,0,5,“X•ÜA,2016/5/2
17.47913957,25.24232461,-2.10153145,4.942444982,14.68177932,3999792.767,523.9256403,7302.120342,7.149451349,7524.291785,4337.038772,1.695053866,1,0,5,“X•ÜA,2016/5/3
13.90499344,27.63489898,7.134954159,8.789685484,16.35322379,4831565.114,624.9206171,8128.004676,7.978876599,7777.027797,4525.401141,1.77402156,1,1,5,“X•ÜA,2016/5/4
14.04712113,29.30225497,1.614509219,12.58826159,8.571375476,2916620.718,368.519853,6098.63413,6.364273172,7784.12031,4530.628218,1.77659929,1,0,5,“X•ÜA,2016/5/5
13.56433263,22.44676798,4.43621806,1.161390475,8.677028141,932052.8289,156.6235705,1985.31707,7.043331626,6758.336046,4271.396696,1.605022771,0,1,5,“X•ÜA,2016/5/6
16.9414534,27.09369684,-1.578861079,11.28071766,12.60175151,1940448.269,261.0311468,4588.623881,5.968341052,7864.851204,4028.630453,1.936257121,1,1,5,“X•ÜA,2016/5/7
16.06477807,27.99389645,0.577703406,11.00053831,12.85135944,2477819.92,315.9404497,4452.147953,6.442525619,7605.224016,4213.758772,1.845416836,1,0,5,“X•ÜA,2016/5/8
15.70493861,22.20837244,10.14878698,0.012802417,7.60815862,369212.2782,52.75690637,1078.374599,5.526694578,6435.531783,3833.152457,1.720471017,0,1,5,“X•ÜA,2016/5/9
15.53419813,22.99768745,6.550879356,0.524489816,8.59538743,476105.9189,77.48921133,1105.996228,6.362860274,7986.245176,4617.054386,1.65858498,0,1,5,“X•ÜA,2016/5/10
14.85343463,27.4078689,4.255110474,0.764531932,13.50411651,506012.2217,79.37960641,1004.926429,6.485356943,9141.155328,4854.428878,1.903654181,0,1,5,“X•ÜA,2016/5/11
14.44341008,28.46147515,0.285241267,13.33004336,8.28880273,656431.85,85.10717949,1225.885613,7.514613806,7032.961175,4465.317832,1.610924695,0,0,5,“X•ÜA,2016/5/12
14.62905461,27.95653557,-1.015686126,10.83323356,8.143525585,442237.9019,48.2916993,851.2378835,6.306979631,7356.680992,3874.748444,1.786672753,0,0,5,“X•ÜA,2016/5/13
14.05792518,25.00126824,0.535704636,7.887477197,9.200742644,1708929.476,207.9099674,3291.406291,6.846401886,7769.569666,4486.674616,1.70276229,1,0,5,“X•ÜA,2016/5/14
11.45173048,24.31701524,-0.443181953,11.18331324,7.204193302,2255364.886,297.643998,4208.533995,7.086021963,7142.768478,4212.767637,1.733214403,1,0,5,“X•ÜA,2016/5/15
13.54711821,23.46182595,1.659121544,0.664253477,9.09906862,476410.4736,78.18080025,875.3685177,6.69821147,8472.110409,4294.116913,1.918328077,0,0,5,“X•ÜA,2016/5/16
14.26909096,20.43031497,25.62840031,0.215549905,8.076917982,187948.1445,40.0030688,638.9488823,3.988746578,8038.618779,4144.951646,1.972181405,0,1,5,“X•ÜA,2016/5/17
11.95749887,26.13996155,-2.193175796,13.63328926,8.064350998,460903.7319,72.89239545,1095.969169,7.030862176,7251.221268,3902.494005,1.839732758,0,0,5,“X•ÜA,2016/5/18
11.30262929,25.23218185,-1.028810584,11.25134673,10.62973701,430537.5302,74.83602161,1011.573,7.30916138,6480.873155,4057.273994,1.6531195,0,0,5,“X•ÜA,2016/5/19
12.29580162,21.97346591,1.595623418,3.116787998,6.857833592,349006.2202,81.20187396,1024.721304,6.215755104,7238.070887,4290.348989,1.70692753,0,0,5,“X•ÜA,2016/5/20
10.46193825,25.74443775,1.655431979,10.78291114,8.205066853,1374110.982,204.147375,3335.338028,6.725700976,7192.059835,4239.425635,1.705159704,1,0,5,“X•ÜA,2016/5/21
15.79492911,29.78507461,-2.344006388,12.88037056,10.00772401,2174550.567,310.1959458,4184.018175,7.817587719,7573.401929,4303.479086,1.779768107,1,0,5,“X•ÜA,2016/5/22
13.09837599,31.49884789,-1.799227862,12.62603363,5.868238197,424176.3189,72.17242107,1065.417103,6.214914695,6669.192124,3795.631904,1.748009754,0,0,5,“X•ÜA,2016/5/23
16.70138528,30.17146356,1.468260033,5.508646158,9.358385004,213471.0602,49.39881962,1097.396035,6.504344276,5263.027451,3687.221045,1.477534332,0,0,5,“X•ÜA,2016/5/24
19.09489162,24.80205145,-2.156120154,0.342989884,9.884362679,510960.9773,79.63466685,1091.684584,6.507716044,6547.361983,3536.551342,1.856185247,0,0,5,“X•ÜA,2016/5/25
18.80171614,27.34735075,1.58547041,3.982420864,11.7223881,683588.0655,68.68893339,944.3251929,8.123314322,7261.082783,4207.365266,1.76858221,0,0,5,“X•ÜA,2016/5/26
14.91488738,23.48306425,7.48565175,0.064101605,11.80155597,482989.0137,80.90157166,965.4678521,7.980847395,6684.290502,3911.634306,1.717917557,0,1,5,“X•ÜA,2016/5/27
15.0476388,23.74440595,-0.169718059,0.269455746,5.90593231,1631642.456,228.5526711,3505.095383,6.769148173,6970.697223,4267.782744,1.724224166,1,0,5,“X•ÜA,2016/5/28
14.30992292,29.17987927,-0.964132375,10.64265834,7.372287624,1828287.544,255.8728189,3873.833923,6.401126358,7104.990171,4305.25109,1.68201646,1,0,5,“X•ÜA,2016/5/29
16.01998451,21.2238249,5.842620741,0.040056283,6.308829567,469139.8269,63.43376064,1030.470495,4.380025996,7818.06298,4089.607351,1.904446017,0,1,5,“X•ÜA,2016/5/30
15.28877724,26.79373611,-1.23386962,7.584225769,6.896029132,295134.5652,74.30886846,1151.68586,6.842764462,6142.764279,4095.859473,1.531399975,0,0,5,“X•ÜA,2016/5/31
16.64030612,28.06511213,-1.179916621,8.8658015,10.94611242,507943.3267,67.51599399,1130.96794,6.540898605,5773.443565,3639.252716,1.592675587,0,0,6,“X•ÜA,2016/6/1
13.90387418,25.34370832,1.413144098,13.75784558,12.21542935,221974.4261,52.60444535,859.5979,4.47858635,8045.715506,4689.369708,1.689032202,0,0,6,“X•ÜA,2016/6/2
11.12100795,25.116833,-1.440959515,13.91940359,10.6293308,472296.2792,83.85431544,815.5705984,8.318450981,6335.830252,3769.057502,1.701518107,0,0,6,“X•ÜA,2016/6/3
14.4903519,27.8403648,0.018891128,7.893267652,10.41496027,1260061.11,201.8319908,3456.293956,5.994326752,7059.859186,3980.981241,1.789632081,1,0,6,“X•ÜA,2016/6/4
18.31514379,24.33784601,-1.528827158,4.496027791,7.536771139,2025652.336,296.8451298,4351.003613,6.790945705,7036.973166,4102.245982,1.724167466,1,1,6,“X•ÜA,2016/6/5
17.44810744,23.74040232,2.352056745,1.765147368,7.220346333,540721.6884,77.5238959,1024.972338,7.12134513,6877.6868,3954.51003,1.745731742,0,0,6,“X•ÜA,2016/6/6
18.23559802,22.09480491,2.242727942,-0.183602569,3.933154871,516706.7826,66.40098557,942.0042825,6.58742146,8548.03287,4321.661691,1.927090093,0,0,6,“X•ÜA,2016/6/7
16.98798582,27.86931641,-2.023880509,4.272089021,7.899116904,508839.5558,76.72958046,1111.798602,7.037072149,6459.401377,3742.69776,1.700472749,0,0,6,“X•ÜA,2016/6/8
19.88521577,24.93853376,5.097117391,-0.080339791,4.340852539,324223.5607,56.36745683,774.8816315,6.794853187,7854.61965,4352.88097,1.815559671,0,1,6,“X•ÜA,2016/6/9
19.19489629,29.40637994,1.863876801,10.45552079,7.137303691,439500.5711,51.07413713,1626.230423,4.644289346,6186.15015,3366.294915,1.894931812,0,0,6,“X•ÜA,2016/6/10
17.47457929,31.20821915,0.965590691,10.44929983,7.271285394,1741886.707,248.3412139,4295.202009,6.228823323,7395.460032,3888.040717,1.896696115,1,0,6,“X•ÜA,2016/6/11
19.04303788,28.36543285,1.780805259,6.795647668,6.589644608,1842047.016,281.2594004,4549.601385,5.629942998,7004.458893,3828.138673,1.892764648,1,0,6,“X•ÜA,2016/6/12
18.65254185,23.20823842,53.89062206,0.308340408,11.68197871,357273.5711,44.41784502,732.9489513,3.953009554,9079.304415,4276.219719,2.116831161,0,1,6,“X•ÜA,2016/6/13
17.68159434,28.12625024,1.470571204,6.124145388,6.855649601,551832.492,71.5358214,1096.576213,6.441605417,7452.828909,3646.50321,2.001547466,0,0,6,“X•ÜA,2016/6/14
19.93632321,22.19284866,1.682322986,-0.124288346,7.681678892,586760.0877,65.41601341,1327.989114,5.27536302,7573.615311,3681.296702,2.068285611,0,0,6,“X•ÜA,2016/6/15
20.11821811,25.14955232,4.600196989,0.24083205,6.97153643,430572.2661,67.78452351,1067.296732,5.494921157,7112.440303,3809.385405,1.952380139,0,1,6,“X•ÜA,2016/6/16
20.05294796,31.5288963,2.594652377,8.153919001,5.60805139,544943.7351,76.14097588,1294.531934,5.754231785,6963.453131,3383.369709,1.942999749,0,1,6,“X•ÜA,2016/6/17
20.61236537,34.31904705,1.334869935,13.87928317,6.843351289,1842156.497,250.3833571,3942.467107,6.218413063,6974.714449,3531.201813,1.971093448,1,0,6,“X•ÜA,2016/6/18
21.51706387,29.33617649,1.710440435,3.464095411,8.509736506,2158269.067,308.8153977,4505.397768,6.49587735,6896.705122,3810.661159,1.915908608,1,1,6,“X•ÜA,2016/6/19
21.10106521,30.89625479,3.68813145,7.024242062,8.059553083,507836.5763,87.13860054,1354.577635,5.922872638,6586.224526,4056.314331,1.682774812,0,1,6,“X•ÜA,2016/6/20
21.64671554,27.50406918,4.32226237,3.433100708,6.326958034,444744.9566,90.21872369,1009.808799,7.105838312,6278.733642,3718.050918,1.70649773,0,1,6,“X•ÜA,2016/6/21
20.96601084,24.04825275,-2.317773353,0.286719239,4.501960708,491501.6122,75.94527486,771.5392994,6.441221192,8279.605389,4050.871167,2.135292819,0,0,6,“X•ÜA,2016/6/22
20.30846824,27.52661007,8.745002998,4.008579033,6.797452146,454122.547,55.13812594,735.2881855,7.660413484,6832.201888,4240.075602,1.67961275,0,1,6,“X•ÜA,2016/6/23
20.56294516,24.61490005,3.605712114,-0.109127334,4.777238645,394977.5497,68.89377724,1141.695616,6.101202905,6565.353182,3642.047604,1.807060357,0,1,6,“X•ÜA,2016/6/24
22.01137785,26.38621555,2.69553673,0.361786665,6.577213891,1703670.798,240.544261,3720.495788,6.131167465,6386.468636,3809.706513,1.656327597,1,1,6,“X•ÜA,2016/6/25
20.09717946,30.245554,-1.6039802,6.090115367,4.942028871,2208134.095,330.3186965,4968.795218,6.897558154,6619.820394,3843.796366,1.745429518,1,0,6,“X•ÜA,2016/6/26
19.160683,29.22387337,-0.749683674,9.269560116,7.268444233,665962.3967,82.46371452,1286.744128,7.644805239,6208.678926,3495.870787,1.819501261,0,0,6,“X•ÜA,2016/6/27
17.79273084,22.38077364,18.02855783,-0.241592305,7.208426169,474226.5315,43.38729818,875.1465803,5.842424824,7510.054587,3737.271454,1.937858514,0,1,6,“X•ÜA,2016/6/28
19.93676102,23.66073571,1.442808157,-0.128992029,4.620122525,538162.3825,65.37707819,1252.824624,6.343018295,6421.61389,3836.410823,1.661572071,0,1,6,“X•ÜA,2016/6/29
20.59199435,27.85701983,-1.613908116,0.67135818,5.21773875,367356.3755,73.75021715,1076.536899,6.202627721,6266.497365,3872.271264,1.65933162,0,1,6,“X•ÜA,2016/6/30
21.28283131,31.43270546,-1.460356951,4.091380232,7.35982781,445468.549,70.5271373,871.2331003,7.161972535,6390.201626,3577.385461,1.806151086,0,0,7,“X•ÜA,2016/7/1
22.61307285,32.87190768,0.912594444,5.615580656,5.30437768,1708330.069,278.6253638,3940.978994,6.730240602,6336.055641,3615.556607,1.759447808,1,0,7,“X•ÜA,2016/7/2
22.66611703,36.6407938,-0.81294041,5.810095538,7.298786388,2597239.517,344.9755938,4821.11416,7.148990214,6634.480387,3962.302975,1.742082658,1,0,7,“X•ÜA,2016/7/3
24.03288266,35.33914426,3.299475136,6.433734344,9.498276124,454041.5113,81.30800165,928.85431,6.998342401,6509.879068,3529.037752,1.86712197,0,1,7,“X•ÜA,2016/7/4
20.32168187,24.63074472,2.447710433,-0.117911346,8.745634293,472477.2849,58.94913989,791.4462576,5.914670222,6153.696997,3976.040813,1.529840424,0,1,7,“X•ÜA,2016/7/5
20.13092163,27.76089281,-0.615886577,1.15180967,4.048453283,631999.5437,71.44528943,1210.045841,6.917239306,7170.025677,3835.490711,1.801964776,0,0,7,“X•ÜA,2016/7/6
21.54594693,36.27067113,0.252171381,12.33648025,10.62304994,290059.243,78.86653673,864.263756,7.272197914,5879.716187,3552.649798,1.732420946,0,0,7,“X•ÜA,2016/7/7
20.69614299,29.95094422,1.860900437,2.309514542,6.582207993,341259.913,69.4323951,1101.102592,5.137585564,6722.523076,3454.657471,1.901122952,0,0,7,“X•ÜA,2016/7/8
21.30296277,24.9702273,7.969550167,0.109065293,8.345235787,1617983.355,250.4876068,3438.258512,6.521913341,6881.161112,3469.261471,1.998284854,1,1,7,“X•ÜA,2016/7/9
19.96771153,32.97974776,-0.061431131,12.50906359,7.408953626,2071107.281,301.4795233,4391.746891,6.575811568,7146.783706,3672.607482,1.856671435,1,0,7,“X•ÜA,2016/7/10
21.29086115,33.97915459,-0.217575805,10.37026843,8.153206975,331453.6304,73.37277522,1090.421318,7.328338249,6381.551258,3436.216502,1.90037688,0,0,7,“X•ÜA,2016/7/11
23.77453568,32.38205474,-0.275562113,5.852278411,7.909887881,480088.5367,50.66486206,875.327204,6.144054018,7334.461034,3536.488305,2.06655207,0,0,7,“X•ÜA,2016/7/12
22.56354325,26.39187897,3.082954019,-0.001977906,4.053981009,558588.2041,56.38790263,450.9738989,16.5388048,7537.20164,3291.50919,2.240831292,0,1,7,“X•ÜA,2016/7/13
21.55836615,34.19466284,32.37633494,3.430666176,8.504530657,485398.7129,49.47757985,486.332727,18.30138301,6435.737954,3114.172296,1.971550677,0,1,7,“X•ÜA,2016/7/14
21.51357542,23.0432142,2.814416794,-0.309513322,7.644054311,334828.753,64.53378027,219.0035506,15.38758561,6055.846282,3151.098589,1.880638208,0,1,7,“X•ÜA,2016/7/15
19.03593099,27.75051247,-0.313634561,3.103062379,5.032657913,1624813.511,253.5675479,1248.020976,20.37553278,6477.020079,3213.612844,2.024895089,1,0,7,“X•ÜA,2016/7/16
22.7214553,30.13312904,1.690581703,1.016652727,4.811999785,2578857.414,394.3226221,1989.046459,19.19699253,6591.099882,3295.570165,1.980308995,1,0,7,“X•ÜA,2016/7/17
25.02703583,33.17118377,0.247399042,8.570495613,7.580310719,1891711.189,336.8544369,1874.76705,19.59456792,6392.664188,3289.659103,1.947741331,1,1,7,“X•ÜA,2016/7/18
22.73888945,33.91597325,0.534310229,6.848641087,6.599624,409113.1259,74.81539491,391.4712979,19.06729244,6682.673511,3300.343597,2.126435337,0,0,7,“X•ÜA,2016/7/19
22.07280084,30.67266879,11.07811563,2.943162474,7.906366788,526316.8962,84.35828143,501.921999,20.73595311,6087.256559,3210.641088,1.965093456,0,1,7,“X•ÜA,2016/7/20
20.29947861,22.83152569,18.58650569,-0.242050226,8.245883383,318147.0466,62.82367666,107.0919377,16.88048238,6928.364495,3145.812051,2.202986826,0,1,7,“X•ÜA,2016/7/21
20.51622702,23.40415229,0.295710234,-0.28021385,6.911624915,422077.9221,57.69645678,326.4686995,16.47634491,5921.266728,3003.628303,1.865574608,0,1,7,“X•ÜA,2016/7/22
18.38924574,25.46672569,-0.327942932,1.038985008,5.85767583,1594682.676,235.0680954,1253.187675,20.01897113,6289.545672,3425.76612,1.843235812,1,0,7,“X•ÜA,2016/7/23
18.61608861,28.47642459,1.251895387,7.315174131,6.605473584,1934958.688,306.2983042,1397.286427,18.71908589,6563.489712,3234.384748,1.98793269,1,0,7,“X•ÜA,2016/7/24
20.08676081,30.06798088,0.945728176,0.676959233,5.641697314,474678.4721,72.57214926,284.8304742,13.45903351,6460.1864,2973.001633,2.090335992,0,0,7,“X•ÜA,2016/7/25
21.38973401,26.45547002,1.862657706,-0.022510897,6.370991033,498724.2025,61.5683894,254.2799074,15.50785578,6207.853652,2941.19041,2.070223631,0,1,7,“X•ÜA,2016/7/26
22.64821715,26.69950377,-1.796973067,0.328640041,5.741782448,299297.8353,57.30542079,316.3116404,13.47053442,5984.146202,3120.634647,1.893812626,0,1,7,“X•ÜA,2016/7/27
23.15574247,31.37272737,0.540327746,4.227601068,5.747756514,447350.7,67.23255143,273.0950841,14.34422171,6088.910599,2901.375248,2.125268493,0,0,7,“X•ÜA,2016/7/28
22.81669618,32.71322468,0.553955,9.86349169,6.626534116,410382.8834,73.42384294,1165.525573,7.138862554,6497.192014,3058.64921,2.182547491,0,0,7,“X•ÜA,2016/7/29
21.12353273,34.78650181,1.927900703,11.75390005,7.232741784,1306577.731,227.9274996,2921.532309,7.593929483,5868.39507,3424.215322,1.763227806,1,0,7,“X•ÜA,2016/7/30
22.70201983,31.9604507,0.746188013,7.284464804,9.217588774,1833365.864,277.6367493,3901.704827,7.152270242,6503.001633,3168.483767,1.987260604,1,0,7,“X•ÜA,2016/7/31
24.92894742,33.46902237,-2.084786169,4.752115146,6.9033966,559305.1071,79.59477537,828.2778963,6.451689012,6595.778875,3347.972859,1.965977286,0,0,8,“X•ÜA,2016/8/1
23.83303504,30.95959689,0.338662223,2.527059766,6.344562666,276202.8001,51.36095929,1201.709488,5.887883491,6544.879332,3580.120721,1.828003475,0,1,8,“X•ÜA,2016/8/2
22.01754736,31.91568515,51.93452397,3.076009453,6.428443577,574970.347,86.86338633,1293.90705,7.036932745,5722.120948,2840.121836,2.014403694,0,1,8,“X•ÜA,2016/8/3
23.95289977,33.71300158,0.766755143,6.842315959,6.693578239,468247.483,57.40110774,916.3544116,6.552528022,6855.374323,3416.080166,1.98878505,0,0,8,“X•ÜA,2016/8/4
23.5558414,34.35209938,1.664261731,10.35629944,7.255955343,434688.4928,74.75231949,984.3651901,7.053562301,6019.457648,2904.389117,1.952767883,0,0,8,“X•ÜA,2016/8/5
24.6099469,35.91405595,0.981240076,9.409061342,6.407281516,1347683.523,220.7728257,2636.510405,8.320209515,6040.358918,2912.333571,2.048151748,1,0,8,“X•ÜA,2016/8/6
24.3799494,33.25066201,-0.610760621,12.07178355,8.535000648,1835535.347,288.844542,3951.110685,8.135048454,6376.252471,3068.757281,2.114904176,1,0,8,“X•ÜA,2016/8/7
24.49199064,32.528627,-1.340036497,5.578096011,14.24542727,291996.7365,88.66118395,1096.939586,6.406592892,5704.84162,2763.046089,1.919336898,0,0,8,“X•ÜA,2016/8/8
25.87124993,36.11152614,0.12338013,9.228456274,10.2415164,512051.9004,67.97784971,949.5996844,7.222411521,5694.674139,2655.919837,2.12424104,0,0,8,“X•ÜA,2016/8/9
24.01050952,32.72203301,-0.141249507,10.22097814,9.121432851,466453.9334,99.38111893,1275.221494,6.812143586,5600.959377,2770.127225,2.175482618,0,0,8,“X•ÜA,2016/8/10
25.37939947,30.58799932,-2.052891582,5.109332704,7.981088927,1890154.316,348.1152066,4481.913175,8.056584073,5629.298279,3002.452008,1.883437558,1,0,8,“X•ÜA,2016/8/11
23.08799,32.18464267,-2.113620205,5.138732499,7.09678059,1038590.784,202.0792293,2988.094523,6.519724179,5674.014512,2820.518553,1.969418579,0,0,8,“X•ÜA,2016/8/12
22.79472521,30.94361017,0.845884551,7.344812587,7.341010289,1625758.505,260.6978486,4078.268404,6.648444594,6035.481319,3201.361006,1.896833574,1,0,8,“X•ÜA,2016/8/13
22.26184726,30.06051093,-1.71741912,2.376109048,6.431784495,1755253.277,292.6374932,4475.277196,7.249384145,5691.344499,3086.474567,1.746557337,1,0,8,“X•ÜA,2016/8/14
24.02939236,30.61731488,0.784007142,0.615674155,6.866314263,1179534.226,212.7985746,3476.71953,6.789411025,5966.184623,2979.908475,2.000908391,0,0,8,“X•ÜA,2016/8/15
23.81675252,33.27933969,19.9229097,4.164983009,10.35302912,928348.0371,170.8090308,2698.645565,6.122834953,6494.786734,3311.298082,1.967634821,0,1,8,“X•ÜA,2016/8/16
23.72492441,34.8695802,16.80871357,8.483204365,12.73949216,692673.8903,96.63017124,1912.138233,5.972894222,6415.933157,3272.754766,2.053533795,0,1,8,“X•ÜA,2016/8/17
24.81889058,30.95745627,26.59503252,0.736108044,5.474736587,479430.2929,50.83405843,1304.526924,5.662672634,5752.326391,3220.475043,1.754287309,0,1,8,“X•ÜA,2016/8/18
24.26261502,32.26037482,5.15380578,7.388546189,9.611239333,500231.5853,98.92490653,1295.371633,6.372137025,6222.325832,3356.059708,1.947991684,0,1,8,“X•ÜA,2016/8/19
23.57564683,29.66843859,38.13741202,0.996710595,8.713422312,827518.3132,144.0506256,2615.325232,5.836789228,5953.492584,3172.115291,1.859812597,1,1,8,“X•ÜA,2016/8/20
22.78811242,33.67042877,1.349503708,8.0710723,7.769891664,1376274.673,233.9854752,3404.50429,6.123000964,6522.073807,3112.187785,1.983504947,1,0,8,“X•ÜA,2016/8/21
22.25747988,26.61348444,99.65362649,-0.112654268,19.17246045,77141.30296,19.42963353,452.7214118,7.236609393,5723.29696,3473.445576,1.628913344,0,1,8,“X•ÜA,2016/8/22
22.89697773,30.96947885,1.995986838,5.338480871,9.510174149,472338.3784,58.96559802,1128.301615,6.311112634,5177.079119,3049.306911,1.685402267,0,0,8,“X•ÜA,2016/8/23
22.89527423,31.39562169,1.538580263,4.430024152,7.785597586,402956.8931,73.72694717,1181.790902,6.158793096,5495.489361,3342.818895,1.551764455,0,1,8,“X•ÜA,2016/8/24
23.23932432,35.134607,-0.62788132,9.899350792,6.572505006,442286.4572,52.21982284,856.3849973,6.441443812,5856.028321,3419.039328,1.667003398,0,0,8,“X•ÜA,2016/8/25
22.50628612,34.02038498,1.576662684,11.07086462,6.881026113,428216.1556,65.55720078,1023.951899,7.133864357,6022.73706,3572.300338,1.660384108,0,0,8,“X•ÜA,2016/8/26
19.61372893,27.12820044,9.553173884,0.197092173,7.152374198,926120.1672,167.6167679,2343.283405,6.964873833,6556.514969,3676.420999,1.796870975,1,1,8,“X•ÜA,2016/8/27
20.30489705,25.45864749,-0.678498887,0.134428194,5.745358028,1302954.68,203.9540754,3275.800963,6.571856705,6475.317609,3819.763694,1.631019426,1,1,8,“X•ÜA,2016/8/28
20.93347228,30.43351375,14.82698269,3.632582093,7.910248111,237722.421,61.63826334,883.9229147,5.720570078,6764.370103,3805.251162,1.77822828,0,1,8,“X•ÜA,2016/8/29
21.87077098,29.66488828,24.21731807,0.46844717,9.469726108,208949.7604,72.79049821,837.9075622,5.944509269,5852.15059,4210.385299,1.400083048,0,1,8,“X•ÜA,2016/8/30
18.43681353,32.26629728,0.176793292,11.95128677,12.93604128,327437.5719,55.28841446,845.2538086,6.445122006,6047.12236,3520.867803,1.656089429,0,0,8,“X•ÜA,2016/8/31
19.22667382,32.22130056,-2.151949592,10.91687673,9.168281177,269472.2543,60.73927267,881.2259067,5.825803382,5794.530078,3965.352009,1.534095749,0,0,9,“X•ÜA,2016/9/1
21.20243279,30.83346958,-1.308685993,7.244337893,7.478440892,382258.9627,41.56170205,981.7752418,6.459275926,5614.177816,3233.466714,1.750989308,0,0,9,“X•ÜA,2016/9/2
21.67115921,32.54980018,0.927317856,9.496066429,7.962552071,1185134.001,180.460171,2880.941125,6.15769794,5605.007924,3443.308671,1.582102978,1,0,9,“X•ÜA,2016/9/3
22.69638485,31.01935937,3.217841553,2.921854364,5.533271101,1509370.303,209.7676907,3668.499671,6.190842996,6482.004951,3896.491673,1.700135078,1,1,9,“X•ÜA,2016/9/4
24.51754918,35.12518165,-0.579963461,9.028375522,7.378490402,340693.8331,48.35348677,1053.197431,5.025802573,7818.117757,4244.457082,1.830139628,0,0,9,“X•ÜA,2016/9/5
25.24289878,34.54661769,1.393107527,9.51578016,8.656642064,364385.7263,82.13185294,990.2030036,7.72788926,7244.132002,3922.861677,1.796329496,0,0,9,“X•ÜA,2016/9/6
24.33514561,30.28338553,16.63996622,2.789738709,7.171531469,319862.4528,55.72241863,965.4582642,6.770421037,5486.820924,3807.183156,1.432517544,0,1,9,“X•ÜA,2016/9/7
22.12813086,30.65751072,4.993482149,2.328644582,10.57784244,182368.3927,47.63736984,684.7326275,7.259666744,5822.712423,3223.367364,1.749138257,0,1,9,“X•ÜA,2016/9/8
22.59639637,31.69909117,3.921751383,4.862527506,6.728671248,325417.9517,52.68750193,957.2230303,8.251903175,6358.69865,4165.531961,1.587004219,0,1,9,“X•ÜA,2016/9/9
22.61353179,31.59194289,1.341462725,6.858943396,7.453803769,1037277.289,172.6415912,2646.792928,6.293906535,6333.838914,3939.463253,1.563489483,1,1,9,“X•ÜA,2016/9/10
22.40480961,27.80662801,2.146070074,2.462547852,5.480381382,1638402.132,239.9455668,3658.070645,6.145562061,6971.408898,4340.771125,1.58534881,1,0,9,“X•ÜA,2016/9/11
21.77882386,28.10123076,-1.96105764,1.51828754,7.941492325,425719.3858,56.39303063,844.397822,5.0680691,6395.288259,4374.304833,1.509202969,0,0,9,“X•ÜA,2016/9/12
20.03775955,24.35751059,39.12733944,0.17916576,5.674164401,155446.1044,36.36340814,762.1189362,4.760543805,6944.772792,3882.082452,1.7990931,0,1,9,“X•ÜA,2016/9/13
20.78370001,26.53135011,1.81960624,0.450070312,3.366765846,491199.2834,95.3405004,1105.070989,7.028934954,7022.557008,3998.830493,1.718850194,0,0,9,“X•ÜA,2016/9/14
23.08595999,26.42174601,20.28004311,0.355360498,5.245686487,534993.3491,50.19248774,1037.478138,7.998981012,5955.252811,3981.898643,1.482180152,0,1,9,“X•ÜA,2016/9/15
20.03225501,25.96111277,1.947934991,-0.20083485,4.77307183,481399.47,57.26504212,833.48826,6.059517339,8211.803005,4758.466799,1.695843103,0,0,9,“X•ÜA,2016/9/16
20.38229386,30.59843481,-0.187855768,4.684968574,4.172717788,1252339.087,167.1855842,2835.339112,6.006516505,7078.334232,4537.457496,1.585542419,1,0,9,“X•ÜA,2016/9/17
22.04483621,26.13949368,5.715705313,0.142082856,4.745859251,2245805.187,303.3279229,4548.891551,6.644691771,7639.738581,4734.642781,1.573740551,1,1,9,“X•ÜA,2016/9/18
18.71188218,22.57909328,10.70222324,0.237502104,6.531557978,1729786.344,223.4393071,3580.270291,5.822852383,7938.57212,4629.77941,1.645613714,1,1,9,“X•ÜA,2016/9/19
17.31346275,19.88212466,74.32357616,-0.047909988,8.76872678,448658.7931,59.76388384,1078.661033,6.077161024,7521.679409,5091.333801,1.534445817,0,1,9,“X•ÜA,2016/9/20
17.53275091,23.07956061,-0.099055948,0.171701222,5.255229385,513420.2891,47.92785906,955.5030017,6.30136053,7218.518255,4557.085671,1.516565938,0,0,9,“X•ÜA,2016/9/21
17.98920206,21.50979915,38.66032053,-0.195979171,6.080137943,1975126.06,223.2083193,3339.911185,6.803411956,8087.536914,4966.118882,1.608246956,1,1,9,“X•ÜA,2016/9/22
18.78721128,21.27332291,7.68218981,0.112413092,2.657480931,643371.0168,70.83331884,1074.262326,6.779983802,9302.696417,5048.864665,1.815021607,0,1,9,“X•ÜA,2016/9/23
19.9229161,22.54168939,6.330522328,-0.051100931,7.184998302,1331571.721,177.0798686,2735.577183,6.5851696,7836.753419,4947.72654,1.661523801,1,1,9,“X•ÜA,2016/9/24
19.12310724,29.87058391,-1.770265826,3.526478814,4.041563028,1609843.928,196.6160397,3530.749855,5.661662836,8363.899807,5034.461207,1.609037211,1,0,9,“X•ÜA,2016/9/25
21.45459269,30.81786868,-1.766904745,3.369029935,8.623508918,540171.9734,49.94624183,1184.78105,5.805516285,8342.666426,5379.663757,1.530411261,0,0,9,“X•ÜA,2016/9/26
22.57140285,29.91844418,2.1316155,2.247054597,4.972806596,397805.106,49.4055457,806.7059488,6.391342414,7099.241376,4598.109947,1.568290105,0,0,9,“X•ÜA,2016/9/27
22.69606236,30.99465081,0.057798901,1.394919125,4.255487374,421745.0611,43.58081503,1047.71137,5.490318549,6728.3024,4638.270209,1.500768132,0,0,9,“X•ÜA,2016/9/28
20.66718331,26.42311039,0.591469383,-0.04780502,6.894269247,249992.7565,27.47748405,879.2722456,5.368241541,7016.8463,4234.658088,1.614633089,0,1,9,“X•ÜA,2016/9/29
17.90226779,26.1072117,-1.254970384,4.096231332,6.921780041,397709.4763,36.87071715,701.2169208,4.694890809,6497.791271,4379.51543,1.476453944,0,0,9,“X•ÜA,2016/9/30
17.28002467,21.49015049,0.978937881,0.102583605,4.70009713,1674418.185,185.8658683,3190.94,6.076514855,8721.986153,5438.624896,1.593506028,1,0,10,“X•ÜA,2016/10/1
17.75239987,29.62694184,0.245543957,9.140011008,4.655478061,2327905.406,292.1637261,3872.703196,7.332925438,8453.209664,5285.260711,1.597163454,1,0,10,“X•ÜA,2016/10/2
19.76185106,24.14343333,2.95492386,-0.194989292,6.88679303,511240.4304,48.69189504,882.3066125,6.994689348,7568.665712,4705.825723,1.638112798,0,1,10,“X•ÜA,2016/10/3
19.63914346,31.83099192,2.321436506,7.735554851,6.384394853,601343.8533,38.591362,920.4307117,5.759629918,9167.954874,5804.63912,1.550909214,0,0,10,“X•ÜA,2016/10/4
19.45084186,26.11754789,2.44688595,0.59256675,13.96827952,524061.3653,54.32115712,788.9715749,5.734327984,8497.886786,4667.946951,1.779784558,0,1,10,“X•ÜA,2016/10/5
21.11698564,31.29852087,1.147638445,8.751649688,15.76266401,307712.1102,31.52903241,818.0463195,5.093737491,7190.521623,5191.567334,1.403677189,0,0,10,“X•ÜA,2016/10/6
17.76367728,25.72218243,-1.535419744,6.119547994,8.926500587,945842.0696,104.2900219,1270.783512,8.82125319,7663.278237,4853.394713,1.646556782,0,0,10,“X•ÜA,2016/10/7
17.56403066,19.45223234,11.60442704,-0.096632366,3.843374361,1669556.091,200.7010181,3461.632692,5.463593845,8554.550667,5172.19101,1.653808764,1,1,10,“X•ÜA,2016/10/8
17.31541782,25.37516277,7.012646644,-0.27124765,10.98531571,3311441.842,379.1693338,5279.802389,6.748356583,8703.647551,5320.455082,1.661687673,1,1,10,“X•ÜA,2016/10/9
15.81603814,20.27489336,1.895946397,0.462247209,6.495872689,1872047.332,210.8584495,4075.037075,5.030872318,9009.891537,5654.881853,1.623284503,1,0,10,“X•ÜA,2016/10/10
15.67660046,19.04359748,0.798207692,0.64618275,6.251607313,677539.6682,62.75944085,1258.565366,6.727526609,7951.527396,5030.796286,1.62963955,0,0,10,“X•ÜA,2016/10/11
11.76145496,23.34866995,-1.512476313,7.915480602,5.840734801,595123.8936,58.35221804,1010.138084,7.011632889,8950.521769,5266.248823,1.644300878,0,0,10,“X•ÜA,2016/10/12
14.91070434,18.14485757,2.174206498,-0.061829589,5.908846257,338805.3416,61.63479377,819.4409814,6.029544823,7742.160075,4393.914485,1.765932457,0,0,10,“X•ÜA,2016/10/13
9.567045554,19.41528435,0.325638118,4.036675472,5.302431821,687941.3112,49.34000645,1078.228972,5.198413275,8954.341411,5450.69867,1.682340741,0,0,10,“X•ÜA,2016/10/14
8.331989419,22.89093097,-0.572461589,10.97358166,4.4698387,2119463.519,218.4791003,2953.524307,6.954931857,10289.18377,5913.77378,1.726260738,1,0,10,“X•ÜA,2016/10/15
8.835343076,23.68720056,-1.861251389,6.377864437,3.779401492,2487989.911,254.7072933,3745.637349,6.778829434,9188.26475,5584.181482,1.65834163,1,0,10,“X•ÜA,2016/10/16
14.6338426,17.93603361,14.61515422,0.454079818,7.827014189,451658.16,42.4731193,1060.365772,5.86566784,9384.457037,5742.318328,1.651338468,0,1,10,“X•ÜA,2016/10/17
17.25253921,26.45427923,0.814817686,8.324695964,6.133572773,572690.5044,49.39630178,1016.26464,6.755760958,7901.960789,5208.385849,1.547563071,0,1,10,“X•ÜA,2016/10/18
17.76118021,23.35823353,1.42120459,4.618377211,6.610406409,456103.6218,54.81680892,1009.538071,5.557467659,8830.132377,5746.63988,1.530108604,0,0,10,“X•ÜA,2016/10/19
14.86861114,28.97660643,2.287284116,10.35915728,10.53138773,741971.272,91.87441279,775.8138864,8.761609438,8801.350166,5368.505188,1.656344881,0,0,10,“X•ÜA,2016/10/20
13.68714841,21.27125007,-1.546021808,5.907032573,10.53542628,459613.86,60.9355113,951.5293549,6.12486002,6634.815185,4198.667504,1.560213413,0,0,10,“X•ÜA,2016/10/21
13.4854429,18.13249801,-1.464571409,0.151753486,4.406015097,1981269.536,219.7345363,2985.181596,7.124342747,9125.999098,6058.481746,1.571133007,1,0,10,“X•ÜA,2016/10/22
12.6043403,22.02252579,1.897843271,5.702625848,6.829631626,2563108.856,276.0363468,3955.306439,6.966699793,8921.671858,5960.307898,1.53198017,1,0,10,“X•ÜA,2016/10/23
9.638439847,19.70100692,-2.282445866,10.22779619,5.180758733,587331.0517,62.40437849,1128.418285,5.916075006,9981.560114,6015.548094,1.689927793,0,0,10,“X•ÜA,2016/10/24
6.054004228,16.28813746,0.857644843,3.256074291,3.57995875,756975.0435,59.59587141,1134.919126,5.917936884,10552.67967,6475.004415,1.701626323,0,1,10,“X•ÜA,2016/10/25
11.74265787,26.92562064,-1.643840151,9.860340842,4.951627027,697242.0734,80.6993855,1297.213427,6.34578142,11111.44534,6090.127095,1.8246816,0,0,10,“X•ÜA,2016/10/26
10.31825645,23.24911095,-1.543968112,10.1634434,9.579297358,488308.3633,88.77337346,918.0161728,6.694470589,8565.091331,5428.000839,1.587932251,0,0,10,“X•ÜA,2016/10/27
9.410771889,11.80522463,18.00832287,0.195354282,5.047649877,428943.429,47.23545927,773.0330067,6.376409773,9686.330455,6520.420921,1.518138587,0,1,10,“X•ÜA,2016/10/28
10.59013027,21.82723515,-0.232007051,0.573850736,10.97886453,2033625.323,213.0059646,2857.714596,7.731736513,9652.019294,5863.291876,1.659267471,1,0,10,“X•ÜA,2016/10/29
8.437293852,13.76482893,2.856825284,-0.037108549,5.665806457,2910526.728,300.2722579,4503.332793,6.643124776,10004.42662,6053.617159,1.630168942,1,1,10,“X•ÜA,2016/10/30
8.339394784,17.94653192,-1.373537178,3.267962479,3.460562215,691481.6383,94.50182419,1262.406975,7.034304281,8733.8283,5914.216598,1.516587553,0,0,10,“X•ÜA,2016/10/31
10.08131642,17.59700745,5.398160374,3.466415737,6.093358881,969560.5108,75.2860894,584.1866243,13.51370816,10337.67294,6443.865682,1.627803258,0,1,11,“X•ÜA,2016/11/1
9.158457786,11.39413148,-0.041770709,-0.346860197,5.1213888,718251.0199,60.50658749,938.7065528,7.803207735,10510.50976,6305.503037,1.706844228,0,1,11,“X•ÜA,2016/11/2
7.443705809,19.33548195,0.507438275,9.43590716,8.308976697,3845100.997,364.5730005,4752.7078,7.024237828,11195.74455,6793.333911,1.646919762,1,1,11,“X•ÜA,2016/11/3
6.602330534,18.23142669,1.360518116,9.885506458,11.60501721,955372.6706,87.22496414,1214.316444,6.539984498,10440.24836,5815.502893,1.718170102,0,0,11,“X•ÜA,2016/11/4
9.499096113,20.99979884,0.502369751,5.869070533,5.190281359,2410827.609,229.3577197,3638.50142,6.013080689,11012.78986,6939.229913,1.648877958,1,0,11,“X•ÜA,2016/11/5
7.37957694,21.40303543,-1.644440344,9.501078552,11.3338502,3156570.259,291.285178,4558.568361,6.761471202,10721.77938,6401.363416,1.642212098,1,0,11,“X•ÜA,2016/11/6
4.758247514,14.38459121,-1.591045001,8.218778036,8.189341772,415682.1556,45.73260077,909.3681494,5.033958931,8454.305736,5312.99284,1.612326791,0,0,11,“X•ÜA,2016/11/7
2.957394565,11.78228596,-0.336845861,1.137624408,3.793218042,455440.4372,52.73778209,1189.206457,4.707280503,11302.47502,6210.770432,1.817094181,0,1,11,“X•ÜA,2016/11/8
6.752321787,14.20849697,3.200227092,6.64886108,15.40420946,634277.6302,54.57263398,1210.083479,5.834386412,9338.781504,6439.788532,1.500943785,0,1,11,“X•ÜA,2016/11/9
6.638481974,10.60265881,1.534741788,0.316104655,10.41289456,483621.8805,48.78279184,852.8945306,4.622580013,10240.53951,6028.361074,1.677690128,0,1,11,“X•ÜA,2016/11/10
6.047401057,11.46141173,38.83640892,-0.225498741,7.503795685,395645.6261,29.86794711,784.702651,5.219121448,10185.3906,6493.214204,1.599983645,0,1,11,“X•ÜA,2016/11/11
9.275135348,19.30486703,1.696756261,5.580381567,4.529774496,2261112.854,222.9699088,3216.19908,6.872298973,10536.48552,6414.447771,1.614181032,1,0,11,“X•ÜA,2016/11/12
6.840129655,18.59439455,-0.519871453,9.087762698,4.35526299,2859022.97,270.5840378,3613.889192,7.339444357,10071.33412,6659.810734,1.551230682,1,0,11,“X•ÜA,2016/11/13
10.05708627,17.45403774,8.381094955,0.406382083,4.949378173,557464.5859,64.06587868,1142.246949,4.439206585,9552.759078,5629.915855,1.723259945,0,1,11,“X•ÜA,2016/11/14
12.47869319,18.78421612,1.168908611,1.803256213,13.22263024,782580.4315,60.00218953,1113.834441,5.808042828,10783.49171,6169.603579,1.790258922,0,1,11,“X•ÜA,2016/11/15
9.193943028,14.75076791,-1.223626048,1.812049939,14.98282939,585322.9911,73.93073102,1054.57435,6.03743752,10099.67596,6240.356511,1.657827507,0,0,11,“X•ÜA,2016/11/16
5.24746653,17.24924082,0.49899474,8.733530017,5.082472464,581889.2419,32.95821509,764.2271554,4.996075321,10120.71344,5249.144038,1.929807165,0,0,11,“X•ÜA,2016/11/17
2.410730242,16.29867264,0.765250518,8.19723027,4.890087704,773197.2953,67.14078343,1431.273849,5.274982179,9699.280458,5120.573827,1.902597585,0,0,11,“X•ÜA,2016/11/18
6.198558098,11.42006716,11.75972221,0.173542734,4.652435903,2568080.67,245.0367744,3948.445562,6.533582097,10872.1408,6339.201311,1.75757324,1,1,11,“X•ÜA,2016/11/19
5.36093392,17.59941505,-1.104503662,1.723093561,3.779508671,2743983.425,262.8908897,4805.008025,5.323416873,11194.08642,5892.560199,1.886700912,1,0,11,“X•ÜA,2016/11/20
8.809158133,14.32711674,0.58102879,-0.181508715,6.880783883,531951.9774,45.9910678,1062.67948,5.116825747,10291.27661,5738.8629,1.772822606,0,1,11,“X•ÜA,2016/11/21
9.235654226,19.87411523,-0.834320158,6.738826469,4.508253663,693207.5957,65.85140693,1352.891863,5.80071567,9186.261066,5721.467833,1.636137402,0,1,11,“X•ÜA,2016/11/22
7.890057472,13.50815608,-2.356578695,0.254339505,9.215340205,3346995.929,305.6936871,4505.747264,6.506367851,11440.38065,6539.935772,1.743890944,1,0,11,“X•ÜA,2016/11/23
-0.515057244,7.307469497,18.14027864,0.474092755,6.422675155,167799.8016,27.04683517,596.7517734,5.403367971,8220.914694,5347.715558,1.607784259,0,1,11,“X•ÜA,2016/11/24
-2.107054535,8.811565163,-1.650324659,9.535622741,4.233004531,960457.5495,76.68383481,1309.251429,6.917725082,10896.90278,5633.80404,1.955938782,0,0,11,“X•ÜA,2016/11/25
0.718159416,13.0778817,-0.356216209,7.149200727,6.217564745,2792428.781,256.1129536,4003.646363,6.66721823,11107.66296,6151.760234,1.772617211,1,0,11,“X•ÜA,2016/11/26
7.262117181,13.90102237,5.695805253,0.47048976,3.771478311,2777692.5,271.2589748,4786.0175,5.01229809,11057.87609,6147.490127,1.735188183,1,1,11,“X•ÜA,2016/11/27
7.314220364,14.37340443,6.19387853,4.951002203,11.66306747,322208.1948,39.17762354,1016.883637,4.71245073,8859.934059,6387.729484,1.421846119,0,1,11,“X•ÜA,2016/11/28
7.42502469,14.15416716,2.155380027,7.173484798,11.42795935,727718.1699,83.21529881,975.6835147,7.519928417,11012.42968,7617.385835,1.444337423,0,0,11,“X•ÜA,2016/11/29
1.399929487,11.62432095,-0.204920201,5.82129308,11.06813963,726138.8316,52.34719337,837.0902288,4.866960339,12000.74983,7326.458858,1.616803925,0,0,11,“X•ÜA,2016/11/30
4.990691399,14.36672195,9.706081049,3.16227121,7.675340225,475986.37,73.77109048,1090.052268,7.035913315,8925.795288,6291.06738,1.459909096,0,1,12,“X•ÜA,2016/12/1
4.895184893,16.25875851,-1.898685277,9.055887213,11.1596567,413765.4704,63.56562987,756.281541,5.313981045,10124.36877,6076.800414,1.647659343,0,0,12,“X•ÜA,2016/12/2
3.175375319,16.57450605,0.430494706,8.555352479,3.649877616,1997726.737,193.8102881,2994.784802,5.91459557,10012.57193,6632.283959,1.557940453,1,0,12,“X•ÜA,2016/12/3
4.452735301,15.33281667,0.643770581,5.836592531,3.566663694,2221468.716,222.7971743,4008.546497,5.9342878,9680.738556,6386.97209,1.525348892,1,1,12,“X•ÜA,2016/12/4
7.051013884,17.53875991,2.16451989,7.678857263,3.535389193,689776.493,39.01012263,996.9020198,5.028744735,12506.33048,6582.413459,1.885671802,0,1,12,“X•ÜA,2016/12/5
5.162323168,16.20131917,1.309005259,8.965032679,14.89980232,309821.4606,50.81536278,784.1975188,5.200542411,9058.267844,5760.997486,1.551542819,0,0,12,“X•ÜA,2016/12/6
2.813912327,9.530210241,0.571428067,3.346621765,9.132779225,592909.0715,43.51677223,1080.771672,5.798858724,10361.48328,6689.810615,1.488729667,0,0,12,“X•ÜA,2016/12/7
-0.205504373,14.05445227,-0.333269117,8.751627125,8.161647381,275057.2189,43.41180617,733.1448857,4.671423278,8228.539878,4919.644273,1.636972145,0,0,12,“X•ÜA,2016/12/8
1.373847052,15.54435414,-1.712437043,9.144126606,4.570095801,809947.0594,95.20646289,982.2898973,7.959238991,9302.014429,5355.733158,1.787735934,0,0,12,“X•ÜA,2016/12/9
3.328091321,11.94923901,-0.163101642,9.315069327,14.30453976,1951366.418,205.6170537,3485.635401,5.936058987,9838.455624,5583.106061,1.724050523,1,0,12,“X•ÜA,2016/12/10
0.492246949,11.10951686,1.791887996,8.528324075,10.24738015,3347904.21,322.6663586,4717.620792,7.208229675,10241.11327,5770.619591,1.717302552,1,0,12,“X•ÜA,2016/12/11
-0.362583783,10.33801762,-1.648303788,8.112325032,6.213513431,767410.3635,79.35325692,1205.947543,6.404979809,11074.06024,6053.287236,1.875424792,0,0,12,“X•ÜA,2016/12/12
1.777388285,14.18534637,4.271100028,3.752028117,4.077282206,819472.8779,67.19995808,899.3330174,5.578360959,12303.27666,5605.408595,2.131993429,0,1,12,“X•ÜA,2016/12/13
4.035410868,11.93883978,32.28485369,1.476511794,10.84808161,963920.1677,101.2642107,1030.159718,7.232306345,9936.274786,5711.243141,1.822882051,0,1,12,“X•ÜA,2016/12/14
-0.725408573,9.217547105,-0.515186101,8.558330887,9.961786805,679409.5598,98.65549865,892.6704759,8.258298528,8911.895954,5084.234389,1.727050968,0,0,12,“X•ÜA,2016/12/15
-0.897319665,10.20498635,-1.211810148,8.270015714,12.12796994,801151.5869,58.24257274,867.9043211,6.855213196,10356.62438,5545.299169,1.834928763,0,0,12,“X•ÜA,2016/12/16
-2.679755562,13.43982717,2.106392455,9.152458164,5.922421389,2186556.556,221.7931195,3407.013576,5.972476206,9630.320886,5536.305094,1.797494282,1,0,12,“X•ÜA,2016/12/17
-0.495891042,13.25760796,0.468685617,7.842852999,4.064364234,3289810.364,283.0468023,4380.488561,6.85083688,10854.42528,5853.521112,1.838338883,1,0,12,“X•ÜA,2016/12/18
0.710092904,15.34623454,2.349346842,8.86558049,3.880998557,576694.6112,79.99720173,1290.929231,6.276075329,8747.745715,5457.87171,1.652599415,0,0,12,“X•ÜA,2016/12/19
2.754913135,15.2718427,1.758472496,6.2765912,3.499876191,944858.6124,81.97147996,971.7026469,7.227739378,9941.61573,5906.336707,1.666043131,0,0,12,“X•ÜA,2016/12/20
2.264634097,17.64629104,-0.988135444,8.157357331,4.380285505,788581.505,81.70441852,1209.770936,6.142614694,9483.39255,5329.024116,1.765769003,0,0,12,“X•ÜA,2016/12/21
4.096400007,19.37763506,8.950028256,2.787109442,17.26722213,715728.6991,57.6042662,970.5480998,6.288796026,10136.08985,5564.213445,1.879900568,0,1,12,“X•ÜA,2016/12/22
6.732631786,17.41159872,13.50793451,5.426408965,13.01898815,2692805.775,312.0555663,4391.575678,7.408826254,9297.073147,5272.007581,1.7803896,1,1,12,“X•ÜA,2016/12/23
0.878392222,12.12688695,-1.360450108,8.935096444,11.12355851,2478941.929,233.4207647,3966.702347,5.764943646,10328.01923,5751.981314,1.791156223,1,0,12,“X•ÜA,2016/12/24
0.15772793,10.95088802,-1.372265521,4.900483631,3.428088111,2549435.511,248.1902528,4297.011496,5.566717253,10265.14297,6059.63811,1.648459476,1,0,12,“X•ÜA,2016/12/25
-0.254743706,8.538507717,-0.432067944,0.076461833,3.464521951,405844.7619,50.23500776,1100.491507,5.15460611,9070.874635,5307.250775,1.73374507,0,0,12,“X•ÜA,2016/12/26
4.442869224,11.28580425,5.182419359,-0.184182669,6.410879398,484577.919,70.6879294,959.0585942,6.035755747,9082.27096,6186.708345,1.478548023,0,1,12,“X•ÜA,2016/12/27
-0.489272169,9.312397939,-1.853976546,9.630768912,16.6192829,609273.2971,92.88818932,1515.37064,5.811808275,8071.488596,5396.015941,1.486052753,0,0,12,“X•ÜA,2016/12/28
-2.642212364,7.842088559,0.464208679,4.673069129,8.58201475,1492053.056,144.5166109,2490.357554,5.778966482,8602.133983,5729.91696,1.496019951,0,0,12,“X•ÜA,2016/12/29
-1.516734497,9.527400288,-0.45114749,9.144385715,11.45533818,2314600.992,273.1715822,3814.510055,6.966994267,8928.630501,5355.350911,1.630287481,0,0,12,“X•ÜA,2016/12/30
-2.2289203,12.94519756,-1.033293179,9.155256972,3.661491888,1759960.619,204.9819452,3111.631325,7.435386434,8641.207735,5824.223815,1.471423305,1,0,12,“X•ÜA,2016/12/31
-0.606515349,14.10678215,0.287320152,9.126296374,5.359341808,5311055.122,631.7413585,8330.657497,7.09838502,8557.247564,5945.103048,1.407255168,1,0,1,“X•ÜA,2017/1/1
0.525512688,12.29082771,2.312711131,5.631317159,3.457786594,6195613.811,664.224007,8607.981878,7.997803372,9058.76457,6362.330935,1.475499883,1,0,1,“X•ÜA,2017/1/2
-0.646677502,12.54787477,0.740441622,9.238416432,11.14800248,4802449.207,537.5932302,7904.889059,6.248341066,8879.308533,6330.761322,1.434061326,1,0,1,“X•ÜA,2017/1/3
-0.636947314,13.84926277,-1.172637904,9.252265327,10.98027189,2611394.162,285.8873866,4651.979307,6.208988172,8883.30464,5713.414845,1.536429968,0,0,1,“X•ÜA,2017/1/4
1.542968005,9.670087834,-2.118415241,9.193812756,13.84596167,1132816.448,119.523468,2412.376617,5.658638906,8879.522354,5264.729884,1.655088467,0,0,1,“X•ÜA,2017/1/5
-2.380243414,7.557945058,-1.201627915,8.260447055,7.929651247,684158.3753,70.99173471,1660.799244,4.641731637,7959.988408,5965.389693,1.331670343,0,0,1,“X•ÜA,2017/1/6
-4.473746691,8.937641461,-1.266699193,9.380443309,3.970608918,1948092.675,222.5099466,3881.386451,5.530826458,8526.240458,5209.367536,1.591516672,1,0,1,“X•ÜA,2017/1/7
-2.149900081,6.009187409,11.43223289,-0.033966062,9.951379483,2937745.317,334.8049896,5235.524856,5.957907769,8819.607915,5944.462564,1.4970854,1,1,1,“X•ÜA,2017/1/8
3.663147409,10.58501317,7.937271472,1.819901571,12.08698856,1859759.163,211.1023679,4159.682273,4.842890346,8251.28966,5515.462181,1.430667671,1,1,1,“X•ÜA,2017/1/9
3.880520804,12.17448696,0.09574608,9.14374342,9.105945708,483784.2899,27.66999377,1087.511716,4.679510965,9144.578754,4826.052313,1.879005706,0,0,1,“X•ÜA,2017/1/10
0.094218765,11.38928441,0.228606875,9.380177086,8.714306808,348619.2094,49.714775,805.5366941,5.15134937,9263.272395,5366.996051,1.723559282,0,0,1,“X•ÜA,2017/1/11
-1.592047685,11.84848034,-0.1240552,9.66174077,5.786450884,414586.5162,29.30712643,731.5181144,3.53015116,9728.457193,5406.98161,1.786376706,0,0,1,“X•ÜA,2017/1/12
-1.683560184,11.74428754,0.182219195,8.083626202,6.924058994,536100.5377,58.06587271,1117.357244,6.428581501,6639.162504,3817.722139,1.670257183,0,0,1,“X•ÜA,2017/1/13
-3.774111383,6.79418763,1.548484862,4.688817065,11.41812577,1652752.469,197.2109462,2722.328774,6.608840805,8484.33467,4818.41802,1.735282346,1,0,1,“X•ÜA,2017/1/14
-4.697504575,4.671705554,0.478270462,9.366185611,11.01846354,1791645.381,215.9634835,3698.307808,5.938697705,8196.467577,4364.61523,1.855904989,1,0,1,“X•ÜA,2017/1/15
-6.396917699,6.926832305,-0.285131246,9.830228956,12.68630598,536444.5185,51.97763234,908.9481904,6.839069425,8519.287423,4617.734527,1.788844173,0,0,1,“X•ÜA,2017/1/16
-1.413174722,10.47905445,-0.136254303,9.701356998,8.316712647,235140.9838,36.42873889,717.8520843,5.601594145,6464.673317,4122.481857,1.53370126,0,0,1,“X•ÜA,2017/1/17
-3.591692679,10.66119495,1.902436112,9.792034581,4.973906384,511432.9123,52.69225647,938.7091392,6.665136498,8155.159956,4517.782343,1.810806065,0,0,1,“X•ÜA,2017/1/18
-1.299018069,12.11879158,0.593037513,6.742642001,11.57052907,439757.7728,32.50332935,1080.164158,5.073945463,7294.131625,4227.812689,1.680573558,0,0,1,“X•ÜA,2017/1/19
-1.231263646,4.117161314,1.067906754,-0.251636055,5.906620335,334744.8705,37.67057529,717.933434,4.97450016,7386.039607,3918.219651,1.94501808,0,0,1,“X•ÜA,2017/1/20
0.413517825,10.4166356,1.412046142,9.125914281,14.26465421,1077768.108,156.4292478,2885.840896,5.787844921,7398.451458,4436.938072,1.728874807,1,0,1,“X•ÜA,2017/1/21
-2.155620055,10.37985794,-1.544609598,9.64582353,7.733907724,1761291.739,177.0391697,3579.295574,5.569498943,9030.43382,4802.418562,1.87252994,1,0,1,“X•ÜA,2017/1/22
-1.834472665,7.170557018,1.857693291,6.528679992,13.16718446,631000.5532,63.9850719,638.7128377,7.662553032,8525.350928,5976.502737,1.444096223,0,0,1,“X•ÜA,2017/1/23
-4.578286661,6.1695338,-1.491805816,9.534151045,13.66633121,221938.377,52.15027712,583.4748755,7.184215991,6549.392993,4532.479767,1.404095539,0,0,1,“X•ÜA,2017/1/24
-4.832835875,9.374804461,-1.0970694,9.946297036,11.03912152,383548.6633,52.15582321,997.4839796,6.00238503,7060.87964,4516.609398,1.553353711,0,0,1,“X•ÜA,2017/1/25
-4.223923713,10.84214208,0.77045081,9.522310387,6.444951121,346597.7791,44.41367983,1011.539153,5.232479669,7035.829668,4533.219112,1.533574363,0,0,1,“X•ÜA,2017/1/26
-1.11706937,15.82076794,-1.713720159,5.066000929,11.8571062,437310.3166,72.70491905,1059.736317,7.214147802,7586.622661,4936.292319,1.594261124,0,0,1,“X•ÜA,2017/1/27
-0.07532664,13.66440314,-0.810433634,8.5644455,6.066297289,1136599.028,152.5874001,2525.88174,5.841031578,7618.568934,4711.253771,1.655994131,1,0,1,“X•ÜA,2017/1/28
2.684292287,12.74344824,-1.400313806,3.583016825,4.593066669,1494926.888,198.4066042,3084.612465,5.420730832,7761.55142,5177.871907,1.454753941,1,0,1,“X•ÜA,2017/1/29
4.990023532,17.66198884,-1.431254459,8.155498239,17.25689987,393865.026,52.75185348,1050.634606,5.467742739,6592.975984,4574.206814,1.510910928,0,0,1,“X•ÜA,2017/1/30
1.912207557,9.218800094,-0.38101337,9.789126829,12.30442848,307353.0673,49.83559235,562.139133,10.91346125,6016.392096,4087.909055,1.501470874,0,0,1,“X•ÜA,2017/1/31
0.567512627,9.401356905,-2.004613701,7.861836997,13.39948146,535180.6804,74.74838388,407.4031839,12.38842072,6322.794161,4273.96857,1.530169004,0,0,2,“X•ÜA,2017/2/1
-1.705515713,9.248248032,1.072599198,10.13780627,15.29360746,412746.7118,48.74741783,395.475174,11.76465156,7608.039244,4661.524176,1.616438629,0,0,2,“X•ÜA,2017/2/2
-2.30971359,12.10968606,1.010958662,10.02294114,14.75368891,629913.1553,65.09284348,315.8130304,17.32722502,7245.590753,4200.900558,1.737221938,0,0,2,“X•ÜA,2017/2/3
2.403473567,14.46723479,1.181125127,9.751444345,11.05573555,1122863.005,182.168184,1423.661282,11.70339928,7579.500691,4559.969787,1.577036456,1,0,2,“X•ÜA,2017/2/4
1.085088929,8.188314162,2.091082549,2.251040778,4.117676262,1450676.61,187.2780644,1446.324958,13.14499531,7438.148586,4669.543587,1.549830198,1,0,2,“X•ÜA,2017/2/5
1.768493593,15.0847545,0.363420888,8.320221983,16.08895603,459086.593,68.44606736,570.7130463,12.36214138,8662.170186,4646.847816,1.832542348,0,0,2,“X•ÜA,2017/2/6
-1.411202658,9.433065062,-2.329101294,9.631622381,19.45293847,467446.5529,37.00567302,546.863683,13.67689651,8640.458326,5020.595384,1.721197219,0,0,2,“X•ÜA,2017/2/7
0.799539811,10.70044757,-1.381654678,9.758933791,10.50716587,527004.03,61.79898588,1376.336186,3.958722205,7581.135597,4846.143298,1.548981687,0,0,2,“X•ÜA,2017/2/8
0.197334059,2.914864512,10.60549385,0.108877243,6.083541604,386280.3869,25.43774985,707.4153168,4.095697283,9243.210378,5210.855024,1.779446888,0,1,2,“X•ÜA,2017/2/9
0.134281451,8.754989606,-0.619185479,3.767410933,17.53578176,544438.1787,62.92337564,1076.251254,5.078801591,6664.093914,4316.604407,1.606511812,0,1,2,“X•ÜA,2017/2/10
-2.778653427,9.296091715,-0.151918714,8.221493564,7.927295632,1515716.836,200.1323196,4415.481112,4.689722107,8340.205263,5375.291541,1.569779975,1,0,2,“X•ÜA,2017/2/11
1.089070291,10.74819222,0.491008765,10.51222806,13.73696051,1445656.563,174.9579758,4288.3958,3.9463112,7799.309075,4906.435553,1.52718246,1,0,2,“X•ÜA,2017/2/12
-0.823463425,12.01218982,-1.990131593,9.665672175,12.28547411,179412.0636,55.02358482,1191.928867,4.115055695,6311.448498,4721.582221,1.360675277,0,0,2,“X•ÜA,2017/2/13
-1.448305681,10.58245235,-1.068433364,8.997060424,7.96171548,445373.528,35.02390365,1319.924305,4.185360225,8653.114918,4638.784981,1.892612206,0,0,2,“X•ÜA,2017/2/14
-2.284207684,12.03416705,0.335044715,10.79388147,10.86439889,383923.8929,64.57817569,1530.359307,4.559926549,7660.869,4530.182444,1.683123398,0,0,2,“X•ÜA,2017/2/15
-2.176102535,13.43193535,-2.195627682,10.36639575,7.867537461,274468.9468,60.6381347,1192.950699,4.265497428,7895.683516,4324.401106,1.764914974,0,0,2,“X•ÜA,2017/2/16
0.69033202,22.29576055,-1.142884322,10.02465963,15.11157776,559029.7537,67.85248808,1271.902532,3.855359913,8312.950403,4604.433355,1.733096845,0,0,2,“X•ÜA,2017/2/17
4.980254708,8.850157458,1.26109849,0.552300679,12.41645199,1115917.183,136.0717866,3502.574281,3.873555074,7890.848684,5540.402964,1.455098387,1,0,2,“X•ÜA,2017/2/18
1.007901408,11.0692044,-1.401125474,10.55071987,10.59610984,1711351.221,178.7434201,4379.379183,4.560163956,8348.240832,5251.68618,1.641269735,1,1,2,“X•ÜA,2017/2/19
-1.293155732,17.46044437,9.394998753,7.296593232,15.88492411,715381.8887,67.59727618,1295.197918,4.729430735,11407.54543,5567.159112,2.035137191,0,1,2,“X•ÜA,2017/2/20
2.912683886,8.755747614,-0.362342268,10.30471941,16.58275539,380386.9854,27.26548023,1282.502526,3.540100906,9102.160048,4936.522738,1.814403686,0,0,2,“X•ÜA,2017/2/21
-0.856711429,11.65008636,-1.679436169,5.381079849,8.488657926,593640.4387,54.889605,1061.387635,4.760107035,8916.498754,4843.196652,1.75600014,0,0,2,“X•ÜA,2017/2/22
4.443980207,16.42129895,1.555157149,1.679313257,11.8364067,274263.6357,34.40137368,1113.76104,3.950693744,6697.702198,4660.480419,1.483813577,0,0,2,“X•ÜA,2017/2/23
4.575150092,11.75988334,0.062549736,9.141480001,16.25212974,402672.8987,48.51656904,933.2341012,3.565964273,8812.419301,5210.067486,1.721077717,0,0,2,“X•ÜA,2017/2/24
2.088892193,12.82884168,-1.773020297,8.345531253,6.528690362,1420161.132,162.4606989,3824.306338,4.34053201,9401.189015,5693.946987,1.626917651,1,0,2,“X•ÜA,2017/2/25
0.86036187,13.85117908,-0.053433969,8.45628094,5.554642097,1708023.551,183.3707293,4858.26052,3.516010244,9283.839328,5533.282192,1.630720742,1,0,2,“X•ÜA,2017/2/26
2.778206444,9.122556853,-1.543663056,3.76108953,8.036084189,518419.652,63.6923827,1216.878338,3.547164086,8047.310609,5269.875409,1.536061029,0,0,2,“X•ÜA,2017/2/27
1.248348271,10.39242068,1.30487396,8.735041971,6.016790452,446278.1409,71.36243321,1204.376921,4.614031688,7543.199418,4417.983781,1.664956344,0,0,2,“X•ÜA,2017/2/28
-1.790586642,11.72892063,3.118723367,4.217977785,5.02423821,392202.5056,50.23091488,1030.528724,3.16070076,7560.900784,5050.982333,1.522579996,0,1,3,“X•ÜA,2017/3/1
5.038748434,9.336745942,4.73328154,-0.088399948,6.84849513,506141.4228,52.05805778,1025.908114,4.725865448,7631.875449,4826.373168,1.576898033,0,1,3,“X•ÜA,2017/3/2
2.341321373,14.85739949,-1.364801749,9.351548614,12.13115424,339144.7031,23.41428358,1122.754398,2.251104907,7497.97927,4725.234909,1.624446525,0,0,3,“X•ÜA,2017/3/3
0.103192798,15.13610213,-0.391950236,10.01621716,8.657167836,1349398.608,148.460986,4505.422328,3.578993431,8268.915778,4830.816152,1.749910457,1,0,3,“X•ÜA,2017/3/4
0.266027526,15.43275755,-0.269074114,6.696378117,6.337497645,1778540.961,171.5428386,5346.82569,3.293803273,10117.30603,5833.800331,1.676798287,1,0,3,“X•ÜA,2017/3/5
4.933402468,11.53092792,-1.404475903,0.80695566,6.32215563,291261.5433,53.3445929,1033.358049,4.039483357,7548.140323,4509.157658,1.656227221,0,1,3,“X•ÜA,2017/3/6
-1.198906707,11.37240986,-1.312054173,1.98236419,8.745592144,158438.3917,49.10301222,1265.188393,2.62473183,8254.481764,5074.129753,1.598218994,0,0,3,“X•ÜA,2017/3/7
-2.368017864,12.06749341,0.336792294,7.899468351,8.429334341,255925.4874,56.45672053,1490.29047,3.637928765,7019.037146,4809.443098,1.502451532,0,0,3,“X•ÜA,2017/3/8
-1.642361915,13.63570953,0.791747872,11.1428844,7.049580427,394692.7196,44.35804088,1448.435437,3.000212995,6451.943994,4511.774234,1.467787247,0,0,3,“X•ÜA,2017/3/9
0.653658026,14.577585,-1.884964668,8.66094836,11.40260984,439229.2313,40.22376802,1180.093186,4.375484451,9738.126884,5175.998979,1.876194631,0,0,3,“X•ÜA,2017/3/10
0.428712097,12.4925372,1.650105953,10.71534537,11.43782263,1646478.583,154.7094055,4264.182246,3.979162331,8792.500825,5707.783851,1.560659079,1,0,3,“X•ÜA,2017/3/11
-0.915622604,12.80734618,-1.885614483,9.898197306,7.522126508,2023562.886,231.9395956,5419.437941,3.893349968,9011.902267,5443.55536,1.649025952,1,0,3,“X•ÜA,2017/3/12
5.331738582,13.16107967,-0.595209679,0.283122928,6.599849754,317589.55,55.20777921,1626.040231,3.595035017,8772.262651,4893.423316,1.73029029,0,0,3,“X•ÜA,2017/3/13
6.488627834,10.90374074,3.231035483,0.201640556,11.44218176,341574.0289,53.22996843,1069.534043,2.47412174,8595.488174,4810.200932,1.774921623,0,1,3,“X•ÜA,2017/3/14
2.729024691,7.524226404,4.687220447,-0.278284517,9.769090324,738395.6046,78.64075394,1468.464771,4.832646277,8973.577539,5236.147371,1.689339152,0,1,3,“X•ÜA,2017/3/15
-0.113437144,15.18329113,0.550049169,9.821644844,11.94519873,539214.5599,38.9872152,1595.239143,3.991315352,8527.757369,4859.148591,1.761504338,0,0,3,“X•ÜA,2017/3/16
0.416332296,15.65059321,1.737847154,8.830912375,7.759146506,584163.168,93.54653405,1550.158284,5.160537908,8368.44801,4140.417369,1.946818446,0,0,3,“X•ÜA,2017/3/17
1.742024845,16.31846255,-1.320178428,8.865675724,9.326620908,1829540.56,228.1721673,4455.076077,4.924053178,8304.728526,5014.853682,1.580567906,1,0,3,“X•ÜA,2017/3/18
1.861272272,17.59478859,1.041058079,10.10891508,10.9106093,2792218.764,319.848154,7008.634699,4.472911824,9391.255006,5549.606905,1.644187835,1,0,3,“X•ÜA,2017/3/19
7.575346331,17.75731266,-1.609598771,10.24967171,10.56425915,2266034.46,276.4312819,5861.164454,4.037417709,8813.765978,4982.670222,1.777673633,1,0,3,“X•ÜA,2017/3/20
6.865839299,11.83217898,17.62269208,-0.091359303,10.68727316,591986.9465,68.17157131,1480.099476,4.656314237,9233.040019,5577.438672,1.700793398,0,1,3,“X•ÜA,2017/3/21
6.010878462,14.49180642,2.1819469,10.88450679,15.78944447,517827.7618,60.37611104,1410.521918,3.745290247,8412.745247,4978.851315,1.619993453,0,0,3,“X•ÜA,2017/3/22
1.820739015,15.67107929,0.940812769,5.370885838,7.550136127,277568.2344,52.7032247,1558.068922,3.045228513,7782.747864,5154.317311,1.530370734,0,0,3,“X•ÜA,2017/3/23
2.15354708,13.25950815,-1.609575007,9.443564299,14.46632009,386491.3522,52.1699959,1473.008047,4.161624588,8992.194228,5773.299118,1.592056155,0,0,3,“X•ÜA,2017/3/24
0.48827678,12.65499823,-1.427754124,10.83363301,8.504754651,1683702.426,186.1083223,4728.044043,3.417521631,8939.960417,5383.373715,1.620231351,1,0,3,“X•ÜA,2017/3/25
3.686368378,6.97720454,10.34426608,0.050253042,7.049741337,1719755.984,188.8629837,4597.574082,3.678049176,9014.117794,5434.14695,1.629628229,1,1,3,“X•ÜA,2017/3/26
0.845472399,8.144300362,24.53251476,0.281542899,10.38236092,504559.0047,43.12023121,1498.667576,3.275289236,9579.456669,4439.815089,2.105249126,0,1,3,“X•ÜA,2017/3/27
0.541768853,13.53838674,2.418102618,8.15976011,8.446544659,428210.58,60.66058827,1907.042904,3.440447133,8463.612504,3694.511496,2.342629825,0,0,3,“X•ÜA,2017/3/28
1.414747061,14.90041172,-0.184777031,10.13959245,5.752645706,654253.5882,89.97389433,2134.528106,3.789055894,8855.71522,4660.581885,1.923854462,0,0,3,“X•ÜA,2017/3/29
3.448748936,18.73442577,1.462883376,10.03745518,6.554394481,553136.4328,67.75497503,2079.378122,4.174731424,8102.87899,4416.586588,1.879748986,0,0,3,“X•ÜA,2017/3/30
4.405985391,12.23649261,6.348625117,0.394892224,7.946261016,351426.6896,54.79218133,1352.632282,3.053512279,9105.183495,4967.44799,1.775928301,0,1,3,“X•ÜA,2017/3/31
3.220405838,8.756710505,0.900623248,0.087137359,6.567021901,1618352.888,176.3886623,4565.305915,4.332413944,8045.341792,5074.361638,1.602273806,1,1,4,“X•ÜA,2017/4/1
2.966019103,13.87132656,0.542105116,10.4609459,8.132904555,1674166.482,198.7435135,5444.045123,3.82100756,8957.821962,4602.063444,1.937766523,1,0,4,“X•ÜA,2017/4/2
4.047086101,16.75398659,0.756786858,8.400748129,12.11442929,302899.3087,38.66068677,1306.131538,2.969760106,7406.490413,4381.037563,1.741612297,0,1,4,“X•ÜA,2017/4/3
2.629600749,18.40303488,1.558536847,11.90900028,7.166311826,431243.5754,82.92194418,1898.899302,3.654865397,7346.742764,4550.330637,1.682157279,0,0,4,“X•ÜA,2017/4/4
5.074479188,21.70563285,1.563827454,9.387263231,8.206552369,762053.8621,88.77352232,1403.440762,4.73032664,10433.16052,5431.880884,1.878013758,0,0,4,“X•ÜA,2017/4/5
9.914738122,20.53111431,-0.224961471,9.171676806,15.90060193,320025.8854,48.60720577,1201.697184,4.078253734,8475.149474,5067.023987,1.702079653,0,0,4,“X•ÜA,2017/4/6
14.37328015,21.32764244,3.655705448,3.627220845,12.79394435,601442.5778,59.90581188,1251.598805,5.029498736,8417.631547,4971.202723,1.653143087,0,1,4,“X•ÜA,2017/4/7
11.57984765,15.32421662,4.959455722,-2.27E-04,8.598199172,1485371.217,173.7919394,4402.673714,3.765813199,7872.798754,4798.010945,1.663591636,1,1,4,“X•ÜA,2017/4/8
8.947651647,15.47863743,7.760297821,0.250745352,8.504276048,1938939.793,220.7311758,4935.451276,4.241273343,8573.275197,5177.873484,1.623390941,1,1,4,“X•ÜA,2017/4/9
3.585548789,15.65704194,-1.506996818,7.463976998,6.937985545,369519.226,47.01651782,926.5551095,3.234536436,6421.195321,4045.807747,1.580128674,0,0,4,“X•ÜA,2017/4/10
5.233596795,9.928337968,34.35947271,0.245983106,10.14383212,566750.0053,45.18699865,758.1975419,5.331978879,10081.54962,5546.386322,1.841127858,0,1,4,“X•ÜA,2017/4/11
7.055070233,20.09769962,-2.114117279,9.549250661,13.58842798,349815.3592,50.82847044,1311.236441,4.477489511,8018.648664,5043.507096,1.570681142,0,0,4,“X•ÜA,2017/4/12
5.855517759,17.16553182,0.400255139,10.016581,8.808724938,351282.1679,44.42917881,1055.543047,4.292877309,7419.195687,4385.262771,1.685529364,0,0,4,“X•ÜA,2017/4/13
5.054167301,22.76690643,-1.512647794,11.91079958,8.144169034,445451.3882,44.13358706,1301.411463,4.548879471,7199.763675,4390.746956,1.60615994,0,0,4,“X•ÜA,2017/4/14
10.46467871,24.00674483,1.229933197,7.871208284,13.4612464,1629004.666,198.38935,4979.846211,4.17366349,8472.454907,4727.952576,1.716111828,1,0,4,“X•ÜA,2017/4/15
7.714159163,26.9124363,0.059671306,12.19187718,11.25597159,2249856.925,295.7292325,6277.820449,4.931696346,8013.157785,4753.449791,1.694693928,1,0,4,“X•ÜA,2017/4/16
12.37701807,25.24549952,5.843170911,3.590148635,10.78763209,629243.5158,59.33001673,1180.255998,5.101756484,8354.193494,4235.416147,2.003725224,0,1,4,“X•ÜA,2017/4/17
14.00018699,26.62131516,10.26656773,5.055144823,13.29296522,522615.5986,57.30736234,1270.53529,4.859694798,7661.043703,4510.649455,1.745631286,0,1,4,“X•ÜA,2017/4/18
10.8347613,25.35526667,-0.204823553,11.12367218,15.02952335,346809.7606,79.52047606,1391.38853,4.257972165,7342.483365,4422.993023,1.645449214,0,0,4,“X•ÜA,2017/4/19
10.45606529,20.57835982,1.246382007,7.915948213,9.532856266,461970.1066,76.73506788,1381.477588,4.423830888,9760.840607,5111.139649,1.901638918,0,0,4,“X•ÜA,2017/4/20
11.76157398,20.40196457,-1.423243216,-0.085763893,4.082579157,621534.7792,72.53218483,1401.915708,4.017671123,8035.708714,4250.652501,1.887632838,0,0,4,“X•ÜA,2017/4/21
9.987153049,18.69780293,7.172831848,0.307661354,6.505133182,1728186.206,221.8642812,4594.562686,5.339430549,7893.376273,4996.821983,1.610509859,1,1,4,“X•ÜA,2017/4/22
8.289563874,20.35913927,0.239633731,11.95455698,10.13201373,2320853.682,262.1765318,5870.434807,4.957795136,8027.586362,4275.59357,1.830205872,1,1,4,“X•ÜA,2017/4/23
8.823506679,20.72991346,0.427407032,7.526197924,7.244325693,405383.8774,71.23951935,1251.682621,4.864342226,9044.219394,4942.904398,1.818098225,0,0,4,“X•ÜA,2017/4/24
9.983291526,22.00077252,-1.021260172,10.44625042,10.12131465,405784.6538,53.73066548,1156.456091,4.154335814,5983.959199,4116.510468,1.486371289,0,0,4,“X•ÜA,2017/4/25
14.98719149,20.10172747,-2.408239454,-0.172105657,14.02005852,292990.0411,47.86320589,1447.082192,4.140111867,7073.534164,4198.801296,1.712204519,0,0,4,“X•ÜA,2017/4/26
12.24608046,20.22300554,0.097322434,5.274040099,6.697032573,300357.1039,60.56816878,1090.28552,4.251722488,7474.544395,4456.667359,1.630863503,0,1,4,“X•ÜA,2017/4/27
9.270028215,22.3152349,-0.83391304,5.977229481,8.572979415,295428.0975,38.39222766,1595.045924,2.557819253,8878.279156,4637.015695,1.829231248,0,0,4,“X•ÜA,2017/4/28
8.692331809,24.01694143,1.925585096,10.23350307,13.98432475,2741907.193,347.0809644,5869.591339,5.985372461,7978.792568,4605.131089,1.717126002,1,1,4,“X•ÜA,2017/4/29
7.51122711,25.34763434,-0.6446024,12.18326296,10.01563643,2589402.944,325.2769284,6416.298867,4.937626172,7642.928371,4476.440368,1.740019551,1,0,4,“X•ÜA,2017/4/30
10.40624161,24.755094,2.584273906,6.705937471,15.6398841,1051347.413,138.5968333,2846.42721,4.891215001,7008.389491,4242.99437,1.669024659,0,1,5,“X•ÜA,2017/5/1
7.298324508,23.2015624,2.06479379,12.72624737,9.375030487,1557268.837,192.4147393,3212.531242,5.286311345,8215.725414,4381.10035,1.882462173,0,0,5,“X•ÜA,2017/5/2
10.40729527,22.91398743,-0.643925335,9.792216079,8.090988712,3457973.274,453.8134024,7204.939734,6.371380861,8038.059477,4558.28341,1.773069486,1,0,5,“X•ÜA,2017/5/3
14.42457625,23.93853306,-2.217684382,10.34859905,8.328877297,3514881.203,453.4250437,7747.986171,5.940104797,7570.490839,4479.272022,1.713266391,1,0,5,“X•ÜA,2017/5/4
14.6311706,26.25987936,-1.650070674,11.29342075,5.796668366,3068029.266,445.0343389,7743.016175,5.813443574,7176.308307,4482.483848,1.686567762,1,0,5,“X•ÜA,2017/5/5
14.99648596,28.04617865,0.803700645,11.15729796,7.83057623,2750039.117,401.6597739,7132.500193,6.070983429,7163.938766,4144.755636,1.728612604,1,0,5,“X•ÜA,2017/5/6
13.21121782,25.24857789,-0.633596336,1.759642728,8.934401134,2186558.628,276.2568255,5939.227079,4.461603287,7597.073951,4475.936473,1.692675431,1,1,5,“X•ÜA,2017/5/7
11.94644894,28.96427579,0.267423902,12.20782901,6.988503928,497036.9125,84.44549681,1539.559602,5.103251854,7189.971215,4255.147199,1.745420092,0,0,5,“X•ÜA,2017/5/8
14.23550637,23.4588547,-0.853961539,0.329577842,6.413326833,377252.4976,62.02114424,1290.889875,4.642023347,5914.335502,3906.550528,1.53995135,0,0,5,“X•ÜA,2017/5/9
15.36757837,17.87595932,7.970712992,0.202975682,4.493527005,385132.1284,39.65750619,1251.029711,4.523707006,8506.157656,3785.353592,2.243491044,0,1,5,“X•ÜA,2017/5/10
14.88252626,29.76701683,0.882204493,8.672447908,7.522692802,389304.1456,63.24342883,1537.22258,4.311159978,7173.114051,4336.256264,1.754750411,0,0,5,“X•ÜA,2017/5/11
15.2006458,29.28397969,-1.197171889,6.978130968,8.759560409,476193.3374,84.85461202,1576.930976,5.4329726,6186.322873,4126.620138,1.533957249,0,0,5,“X•ÜA,2017/5/12
15.4300161,19.77779336,27.00534788,-0.104663432,7.252134169,1146029.81,164.4112595,3507.371636,4.925369327,6895.134483,4165.070713,1.616616774,1,1,5,“X•ÜA,2017/5/13
15.36671612,19.28734256,1.860782755,0.158301746,7.895587397,1958166.494,281.0549135,5550.274236,5.267688459,7431.758326,4363.293907,1.653200944,1,0,5,“X•ÜA,2017/5/14
15.71105106,20.75381619,-0.70334335,0.033242304,6.113432247,534091.7647,63.57886341,1405.28479,4.542331541,7893.953844,4783.981169,1.692757377,0,0,5,“X•ÜA,2017/5/15
16.52848514,22.95118471,-2.095158118,3.875649324,6.353801752,652910.3012,64.6079054,1489.327481,4.893152408,8370.840914,4146.727753,2.060762099,0,0,5,“X•ÜA,2017/5/16
13.55946976,19.93263059,-1.008887918,0.19602072,6.38659269,368656.703,61.60422413,1548.758551,5.109900107,6906.750058,4344.359137,1.670688568,0,0,5,“X•ÜA,2017/5/17
14.22853908,23.59728515,0.891578471,7.255232479,7.662434356,730001.3756,59.01675382,1290.068855,5.213736695,8746.038375,4459.740338,1.983679033,0,0,5,“X•ÜA,2017/5/18
13.1179436,27.33635685,-1.192404623,12.95591532,7.076440284,521875.7203,55.72430874,1355.42038,5.385865553,7119.504743,3856.004312,1.819255205,0,0,5,“X•ÜA,2017/5/19
14.84374465,30.65918814,-0.109003668,12.77059855,6.578384134,1428487.546,206.9864857,4260.084371,3.943938158,7365.702246,4270.385446,1.633237517,1,0,5,“X•ÜA,2017/5/20
17.20149961,32.11484243,-1.827786515,11.78155818,7.009437181,1874146.628,262.0670732,5245.508098,5.352816076,7860.805034,4364.88277,1.729421696,1,0,5,“X•ÜA,2017/5/21
17.48675328,31.06952324,-0.748766606,12.37000411,7.268986781,423355.3707,55.96922001,1191.195033,5.04627108,6731.247841,4094.250257,1.695225657,0,0,5,“X•ÜA,2017/5/22
18.5170958,28.41839322,-0.219722274,11.82916081,9.169099141,199342.1934,56.44969018,1329.883561,3.625783118,6948.232332,4195.066496,1.630528458,0,0,5,“X•ÜA,2017/5/23
18.9781538,26.20274704,-1.705354361,1.818338407,8.11412509,584035.715,43.49634833,1283.145368,4.413373396,8514.845555,4188.096648,2.08650762,0,0,5,“X•ÜA,2017/5/24
18.23591695,23.69595209,1.822426951,0.369110701,7.717206637,303059.1132,70.46172714,1340.763492,4.446678833,6202.450492,4178.302419,1.461094915,0,1,5,“X•ÜA,2017/5/25
16.95614603,19.78420208,18.11264584,0.259271437,9.704411215,367796.1026,54.47982378,1129.255458,4.080671844,6964.349341,3836.682215,1.758038843,0,1,5,“X•ÜA,2017/5/26
17.19940998,23.7089057,3.306215964,6.471340591,9.961988543,1612612.516,229.7797264,4297.368769,5.34866267,7640.851743,4406.238047,1.781731645,1,1,5,“X•ÜA,2017/5/27
15.73472131,27.84609035,2.173516515,8.761752597,7.448353231,1759978.878,259.6303718,5255.129706,4.522739024,7335.316325,4278.148311,1.717348718,1,0,5,“X•ÜA,2017/5/28
16.21270933,27.93954177,0.686112785,11.79564463,9.083590114,562438.5716,71.50573548,1560.283148,5.495518315,7127.966562,4424.608285,1.63629946,0,0,5,“X•ÜA,2017/5/29
16.84123483,31.43769314,-0.532447386,12.20974695,5.326258028,256910.3753,48.47957495,1286.329246,3.991073896,6416.876098,3749.34124,1.70601379,0,0,5,“X•ÜA,2017/5/30
19.74001626,28.93155439,-0.652760589,3.283579999,9.726430712,497411.5248,68.91697564,1283.074417,5.965877154,7647.942558,4339.643246,1.741122141,0,0,5,“X•ÜA,2017/5/31
20.03493334,28.40593199,0.787299634,2.834012793,7.881117017,645017.9156,48.15530899,1035.549801,5.35345095,9043.339517,4786.839699,1.8257353,0,1,6,“X•ÜA,2017/6/1
16.39069013,29.9028993,0.996374736,10.91171237,14.77250374,456269.9413,63.05679874,1251.364426,5.789694164,7720.098492,4240.790364,1.822822269,0,0,6,“X•ÜA,2017/6/2
14.97946084,27.82816352,1.977349296,13.0297978,8.471872747,1985044.633,262.1459982,4896.70435,5.205206141,7797.044421,4424.496615,1.753319547,1,0,6,“X•ÜA,2017/6/3
15.09728522,26.54373821,-0.802305537,8.851740031,9.334276134,2211082.988,318.8385717,5489.340415,5.534761208,7022.361528,4229.6558,1.648206018,1,0,6,“X•ÜA,2017/6/4
14.33960733,26.80192592,-1.786870948,9.40456018,9.092272285,415199.668,51.94859751,1251.588584,4.230866358,7325.820284,3818.06663,1.938137797,0,0,6,“X•ÜA,2017/6/5
17.28752385,25.27917842,0.400466601,3.151464021,6.42060594,501025.1388,68.62401176,1232.976896,4.414237973,7090.549949,4618.059834,1.557572973,0,0,6,“X•ÜA,2017/6/6
18.29558695,24.07621492,-1.29362063,0.280207386,10.73397689,393479.011,58.0780483,1284.308292,4.340377612,7686.614448,4579.381954,1.698514548,0,0,6,“X•ÜA,2017/6/7
20.3912339,26.03801358,2.216442102,3.076660793,11.08401242,307010.6739,55.92582037,1446.587291,4.982184984,7288.168846,4038.968823,1.772871,0,0,6,“X•ÜA,2017/6/8
18.9669366,28.97075554,1.811549621,5.554886454,7.175717625,648273.2401,72.97227064,1716.370385,4.667850053,8191.010181,3958.658542,2.070958835,0,0,6,“X•ÜA,2017/6/9
17.3505994,30.07470152,-1.959015863,8.327658602,10.28270781,2111379.306,275.1212375,5823.545345,4.802902823,7232.293175,3716.81231,1.872253865,1,0,6,“X•ÜA,2017/6/10
15.56271033,25.69865804,-2.177834458,6.685058824,10.24106306,2622448.269,331.1564798,6658.683984,5.602211984,8104.530748,4182.262296,1.928212746,1,0,6,“X•ÜA,2017/6/11
16.09267202,26.9673761,-0.625934915,6.40082056,9.646027944,701667.6565,83.19834112,1744.009414,4.361511304,7751.071454,3756.617926,2.050830758,0,0,6,“X•ÜA,2017/6/12
15.17501117,17.95879741,4.174317656,-0.080553569,6.095797715,549338.7103,45.08379528,1612.084489,3.978452542,7322.764308,4158.940571,1.806744698,0,1,6,“X•ÜA,2017/6/13
16.42697411,24.8347839,0.88512637,4.339194649,6.777285724,611212.4734,104.4405591,1735.547842,6.157646978,7739.643041,3816.999118,1.997722076,0,1,6,“X•ÜA,2017/6/14
16.93405008,27.47223946,0.565805641,4.902447134,8.751998743,511672.1957,84.29572208,1625.581944,4.395232042,7910.011586,3966.228014,1.933562085,0,0,6,“X•ÜA,2017/6/15
17.54818691,30.77965933,-1.995557448,9.223305114,13.53861275,527937.0258,83.13693725,1212.700347,5.171412223,6803.124025,3923.910887,1.784954758,0,0,6,“X•ÜA,2017/6/16
16.56984952,27.32705238,2.404134826,12.80578411,7.339643652,1945092.315,253.0461249,5274.745183,4.57955133,7674.851884,3946.967959,1.965058705,1,0,6,“X•ÜA,2017/6/17
17.15436118,23.90020815,1.738062074,0.357429444,7.608053261,1706642.879,220.2362338,5520.618971,4.540777865,7556.629617,3857.047498,2.032243157,1,1,6,“X•ÜA,2017/6/18
17.95341969,31.3928865,-1.11049479,10.08847729,8.552983087,247581.2728,40.4058156,1552.765499,3.721895757,6952.493413,3932.550259,1.73304698,0,0,6,“X•ÜA,2017/6/19
15.23481421,30.19005483,-1.5063958,11.98373186,7.01502824,657684.6621,71.89185905,1531.512875,4.822522324,7160.366071,3759.892409,1.961307893,0,0,6,“X•ÜA,2017/6/20
21.1187268,24.59578397,21.17016064,-0.068295576,12.65297011,482148.6634,59.51178212,1268.197451,5.345807087,7498.520573,4052.355028,1.76915325,0,1,6,“X•ÜA,2017/6/21
20.63888307,28.17022806,-0.904813988,3.706306607,9.806299336,427394.2254,34.62206989,1538.973549,3.734483354,6409.991237,4166.945795,1.506085307,0,0,6,“X•ÜA,2017/6/22
17.14604461,30.80478742,0.626970047,10.80175506,7.038751793,538617.7114,84.49546521,1542.250408,4.22418539,7601.324419,3835.907763,2.026376572,0,0,6,“X•ÜA,2017/6/23
20.5319922,30.1145069,-2.017477232,9.224523247,6.620728,1795619.664,253.8856616,5274.181434,5.055404481,7021.510945,4194.2475,1.706974108,1,0,6,“X•ÜA,2017/6/24
22.41733467,25.60005654,0.326903373,0.326072548,5.450598659,2578111.02,354.5182723,6123.602145,5.500786151,7258.302206,4079.995971,1.746827185,1,1,6,“X•ÜA,2017/6/25
20.9790637,26.71673043,1.956800792,1.365061473,5.397449738,524967.253,86.04767478,1391.891052,4.819976514,6738.247786,3842.684663,1.761153458,0,1,6,“X•ÜA,2017/6/26
20.61013547,27.29237277,0.531131691,0.36932786,5.6086739,403568.2528,74.90976565,1344.425364,4.079351305,7181.538732,3950.769757,1.724470446,0,1,6,“X•ÜA,2017/6/27
20.19214748,25.53048622,4.379256249,0.434673982,4.193561794,284174.1822,69.68231889,1726.759858,3.900805338,6856.64006,4533.521993,1.527988245,0,1,6,“X•ÜA,2017/6/28
19.5780573,29.89611394,0.852834818,5.148572929,6.021727042,245188.6978,56.2946325,1610.259716,3.664601007,5719.585068,3743.349809,1.57210531,0,0,6,“X•ÜA,2017/6/29
21.53928215,27.21293399,3.197508763,0.216023845,6.309059049,603968.7292,55.98148583,1338.426002,4.155980717,7623.901055,3850.02027,1.981612427,0,1,6,“X•ÜA,2017/6/30
21.09837618,24.54701436,4.357427067,-0.036217545,6.642135655,1724982.785,228.95865,4993.024966,4.378911955,7372.280001,3983.9947,1.801803544,1,1,7,“X•ÜA,2017/7/1
21.53500955,33.37539653,-1.305401637,4.381906652,4.84354461,2603009.15,342.9567793,6443.951914,5.570676556,7652.793159,4205.713709,1.826950316,1,1,7,“X•ÜA,2017/7/2
25.12539981,34.47729055,0.208829323,5.682509903,7.203713536,307898.7672,39.84142034,1456.256511,3.955920262,6696.515554,4094.036638,1.554626639,0,0,7,“X•ÜA,2017/7/3
22.74466002,29.38375441,65.67634955,0.088787587,8.546189814,410546.7722,70.9910221,1364.934428,5.583781395,6986.646964,3381.200553,2.005698367,0,1,7,“X•ÜA,2017/7/4
22.27223832,33.13900851,6.014606976,5.044956539,10.10135556,754052.6747,80.95462031,1499.851484,5.827511806,7059.43107,4387.579665,1.656621989,0,1,7,“X•ÜA,2017/7/5
21.38450205,31.8866174,1.684149733,6.073860288,6.152522874,563912.7695,53.26164871,1349.637576,4.695938842,7714.932909,4374.562774,1.754146434,0,0,7,“X•ÜA,2017/7/6
22.25335309,34.22689575,1.935271268,10.04848217,5.991896441,476407.3253,91.95895038,1510.74246,5.953699693,6686.529212,3882.967578,1.674878207,0,0,7,“X•ÜA,2017/7/7
21.58810574,34.55371387,0.867468424,11.61576671,6.5788863,1869151.019,287.9732892,4996.131853,5.553571209,6729.571579,4036.570489,1.627167732,1,0,7,“X•ÜA,2017/7/8
22.50578076,34.76915963,-1.601205625,11.75847151,6.198525368,2419440.82,364.0408141,6489.567076,5.495738351,7260.143457,4182.270151,1.674791534,1,0,7,“X•ÜA,2017/7/9
22.38580817,33.53093801,-0.00153304,10.69770623,7.917819873,394380.0271,70.30017133,1576.322712,5.084464905,6978.999748,4100.344647,1.635250608,0,0,7,“X•ÜA,2017/7/10
25.49323116,33.52926331,0.275432529,11.51551286,9.301717644,639558.4732,86.71107611,1353.274321,4.781485862,6974.19906,4315.905602,1.5686611,0,0,7,“X•ÜA,2017/7/11
26.25898818,34.01202486,0.88485051,6.982907277,8.965199609,580151.4257,72.30075703,1523.722799,5.164315143,6749.890522,3988.54747,1.674082967,0,0,7,“X•ÜA,2017/7/12
25.60934557,33.39303098,-1.379734462,5.017042998,11.02792144,358831.335,61.55295833,1092.602828,4.278500337,6324.598212,4434.714976,1.47029037,0,0,7,“X•ÜA,2017/7/13
26.35895809,34.81488544,-0.988297043,10.22633609,7.987692323,607086.4219,72.27719319,1340.364804,6.120258124,6331.460181,4142.244294,1.522931642,0,0,7,“X•ÜA,2017/7/14
23.18426535,35.0039074,-2.168536097,8.484967571,6.388170357,2050006.057,321.4243328,5134.58343,5.864644092,6113.17624,4187.82951,1.527425454,1,0,7,“X•ÜA,2017/7/15
24.47166228,33.98322611,2.118405932,4.728074946,8.421971282,3259368.109,486.010855,7677.167305,6.536861912,6709.478887,3785.132702,1.739884155,1,0,7,“X•ÜA,2017/7/16
23.91230985,34.40467854,10.55117766,8.084276636,5.957381002,2382535.014,366.8712688,6952.156069,5.428068151,6718.017076,4068.726189,1.668607983,1,1,7,“X•ÜA,2017/7/17
22.76403576,30.68620092,-1.407103807,3.783016078,11.97018032,565524.6419,59.46228645,1323.852641,5.512303622,6518.189419,3968.665122,1.626939329,0,0,7,“X•ÜA,2017/7/18
22.05799141,32.79647621,0.228100896,5.821341949,7.911340193,475198.3219,66.73473374,1257.151809,5.81836201,6465.635755,3615.748379,1.733361122,0,0,7,“X•ÜA,2017/7/19
24.41581912,33.43550056,0.792440822,8.663387342,7.399332442,585276.9237,63.97939702,1141.874352,5.617528554,7046.626179,3906.999761,1.805945823,0,0,7,“X•ÜA,2017/7/20
26.63780383,35.31043478,-1.28378563,11.54440585,7.977287929,382224.156,52.03085131,1229.972622,6.048378571,6294.730301,3918.878601,1.650561819,0,0,7,“X•ÜA,2017/7/21
26.57185327,34.28046875,-0.57218007,9.415152495,7.930682463,1327839.793,204.5617152,4285.542548,5.119067874,6427.76661,3950.50111,1.569494181,1,0,7,“X•ÜA,2017/7/22
27.69121376,29.40394482,0.727930111,-0.142248583,8.165559197,1851683.342,271.1570328,5168.00577,4.891780502,6640.877481,3851.488678,1.658380744,1,0,7,“X•ÜA,2017/7/23
26.81938346,33.0025535,1.851300283,2.181511157,8.188625478,603105.5919,76.08088224,1429.837861,5.236884583,6346.688364,3920.576213,1.667068141,0,0,7,“X•ÜA,2017/7/24
27.24605532,33.66705848,1.89187233,1.230178731,4.338962538,474483.0489,69.47165272,1294.235258,4.434704834,5755.595313,3595.658792,1.703293431,0,1,7,“X•ÜA,2017/7/25
22.25268967,26.38565124,26.09305205,-0.048437327,6.797338266,589878.8474,98.30842418,1794.778978,5.552123926,6838.648657,3775.875677,1.8590549,0,1,7,“X•ÜA,2017/7/26
22.67608278,26.85523855,1.210814295,0.332704596,6.438442421,434410.3934,82.16375804,1620.260936,4.721103615,6709.020113,3976.751362,1.746381924,0,1,7,“X•ÜA,2017/7/27
21.75843132,31.81368035,0.920717658,2.644693131,7.862205339,532886.1154,86.70108657,1271.555046,6.645962128,5627.196648,3170.809355,1.861601734,0,1,7,“X•ÜA,2017/7/28
23.91677103,31.52731711,12.24886177,1.239851058,6.923099735,1235515.439,242.6215196,3963.404993,5.890294119,5771.74729,3583.648365,1.646455868,1,1,7,“X•ÜA,2017/7/29
23.48944271,29.69103382,0.302675067,-0.313603995,5.972050068,1802768.479,320.5417228,5391.952112,5.629878397,5638.425685,3587.825844,1.592787823,1,1,7,“X•ÜA,2017/7/30
23.04956971,33.56222855,1.023823817,7.008492594,5.7648265,330420.0293,71.32381317,1649.277658,4.672038667,5133.163337,3631.211195,1.395425236,0,0,7,“X•ÜA,2017/7/31